datetime,shortwave_radiation_instant (W/m²)
2024-05-16 00:00:00,0
2024-05-16 00:30:00,0
2024-05-16 01:00:00,0
2024-05-16 01:30:00,0
2024-05-16 02:00:00,0
2024-05-16 02:30:00,0
2024-05-16 03:00:00,0
2024-05-16 03:30:00,0
2024-05-16 04:00:00,0
2024-05-16 04:30:00,0
2024-05-16 05:00:00,0
2024-05-16 05:30:00,10
2024-05-16 06:00:00,60
2024-05-16 06:30:00,132
2024-05-16 07:00:00,216
2024-05-16 07:30:00,305
2024-05-16 08:00:00,396
2024-05-16 08:30:00,488
2024-05-16 09:00:00,574
2024-05-16 09:30:00,655
2024-05-16 10:00:00,730
2024-05-16 10:30:00,797
2024-05-16 11:00:00,853
2024-05-16 11:30:00,895
2024-05-16 12:00:00,924
2024-05-16 12:30:00,942
2024-05-16 13:00:00,946
2024-05-16 13:30:00,931
2024-05-16 14:00:00,902
2024-05-16 14:30:00,868
2024-05-16 15:00:00,822
2024-05-16 15:30:00,763
2024-05-16 16:00:00,694
2024-05-16 16:30:00,616
2024-05-16 17:00:00,533
2024-05-16 17:30:00,445
2024-05-16 18:00:00,355
2024-05-16 18:30:00,252
2024-05-16 19:00:00,179
2024-05-16 19:30:00,80
2024-05-16 20:00:00,33
2024-05-16 20:30:00,2
2024-05-16 21:00:00,0
2024-05-16 21:30:00,0
2024-05-16 22:00:00,0
2024-05-16 22:30:00,0
2024-05-16 23:00:00,0
2024-05-16 23:30:00,0
2024-05-17 00:00:00,0
2024-05-17 00:30:00,0
2024-05-17 01:00:00,0
2024-05-17 01:30:00,0
2024-05-17 02:00:00,0
2024-05-17 02:30:00,0
2024-05-17 03:00:00,0
2024-05-17 03:30:00,0
2024-05-17 04:00:00,0
2024-05-17 04:30:00,0
2024-05-17 05:00:00,0
2024-05-17 05:30:00,13
2024-05-17 06:00:00,68
2024-05-17 06:30:00,144
2024-05-17 07:00:00,231
2024-05-17 07:30:00,322
2024-05-17 08:00:00,415
2024-05-17 08:30:00,507
2024-05-17 09:00:00,595
2024-05-17 09:30:00,677
2024-05-17 10:00:00,752
2024-05-17 10:30:00,818
2024-05-17 11:00:00,873
2024-05-17 11:30:00,916
2024-05-17 12:00:00,948
2024-05-17 12:30:00,968
2024-05-17 13:00:00,971
2024-05-17 13:30:00,960
2024-05-17 14:00:00,934
2024-05-17 14:30:00,894
2024-05-17 15:00:00,845
2024-05-17 15:30:00,784
2024-05-17 16:00:00,714
2024-05-17 16:30:00,636
2024-05-17 17:00:00,551
2024-05-17 17:30:00,460
2024-05-17 18:00:00,366
2024-05-17 18:30:00,274
2024-05-17 19:00:00,141
2024-05-17 19:30:00,72
2024-05-17 20:00:00,19
2024-05-17 20:30:00,2
2024-05-17 21:00:00,0
2024-05-17 21:30:00,0
2024-05-17 22:00:00,0
2024-05-17 22:30:00,0
2024-05-17 23:00:00,0
2024-05-17 23:30:00,0
2024-05-18 00:00:00,0
2024-05-18 00:30:00,0
2024-05-18 01:00:00,0
2024-05-18 01:30:00,0
2024-05-18 02:00:00,0
2024-05-18 02:30:00,0
2024-05-18 03:00:00,0
2024-05-18 03:30:00,0
2024-05-18 04:00:00,0
2024-05-18 04:30:00,0
2024-05-18 05:00:00,0
2024-05-18 05:30:00,6
2024-05-18 06:00:00,51
2024-05-18 06:30:00,136
2024-05-18 07:00:00,221
2024-05-18 07:30:00,311
2024-05-18 08:00:00,403
2024-05-18 08:30:00,460
2024-05-18 09:00:00,492
2024-05-18 09:30:00,603
2024-05-18 10:00:00,715
2024-05-18 10:30:00,805
2024-05-18 11:00:00,861
2024-05-18 11:30:00,906
2024-05-18 12:00:00,937
2024-05-18 12:30:00,954
2024-05-18 13:00:00,958
2024-05-18 13:30:00,856
2024-05-18 14:00:00,623
2024-05-18 14:30:00,586
2024-05-18 15:00:00,732
2024-05-18 15:30:00,619
2024-05-18 16:00:00,346
2024-05-18 16:30:00,240
2024-05-18 17:00:00,150
2024-05-18 17:30:00,174
2024-05-18 18:00:00,178
2024-05-18 18:30:00,105
2024-05-18 19:00:00,128
2024-05-18 19:30:00,77
2024-05-18 20:00:00,26
2024-05-18 20:30:00,1
2024-05-18 21:00:00,0
2024-05-18 21:30:00,0
2024-05-18 22:00:00,0
2024-05-18 22:30:00,0
2024-05-18 23:00:00,0
2024-05-18 23:30:00,0
2024-05-19 00:00:00,0
2024-05-19 00:30:00,0
2024-05-19 01:00:00,0
2024-05-19 01:30:00,0
2024-05-19 02:00:00,0
2024-05-19 02:30:00,0
2024-05-19 03:00:00,0
2024-05-19 03:30:00,0
2024-05-19 04:00:00,0
2024-05-19 04:30:00,0
2024-05-19 05:00:00,0
2024-05-19 05:30:00,10
2024-05-19 06:00:00,60
2024-05-19 06:30:00,142
2024-05-19 07:00:00,228
2024-05-19 07:30:00,321
2024-05-19 08:00:00,413
2024-05-19 08:30:00,437
2024-05-19 09:00:00,437
2024-05-19 09:30:00,617
2024-05-19 10:00:00,748
2024-05-19 10:30:00,812
2024-05-19 11:00:00,866
2024-05-19 11:30:00,909
2024-05-19 12:00:00,938
2024-05-19 12:30:00,955
2024-05-19 13:00:00,959
2024-05-19 13:30:00,949
2024-05-19 14:00:00,925
2024-05-19 14:30:00,890
2024-05-19 15:00:00,842
2024-05-19 15:30:00,782
2024-05-19 16:00:00,713
2024-05-19 16:30:00,636
2024-05-19 17:00:00,550
2024-05-19 17:30:00,461
2024-05-19 18:00:00,369
2024-05-19 18:30:00,273
2024-05-19 19:00:00,177
2024-05-19 19:30:00,75
2024-05-19 20:00:00,33
2024-05-19 20:30:00,2
2024-05-19 21:00:00,0
2024-05-19 21:30:00,0
2024-05-19 22:00:00,0
2024-05-19 22:30:00,0
2024-05-19 23:00:00,0
2024-05-19 23:30:00,0
2024-05-20 00:00:00,0
2024-05-20 00:30:00,0
2024-05-20 01:00:00,0
2024-05-20 01:30:00,0
2024-05-20 02:00:00,0
2024-05-20 02:30:00,0
2024-05-20 03:00:00,0
2024-05-20 03:30:00,0
2024-05-20 04:00:00,0
2024-05-20 04:30:00,0
2024-05-20 05:00:00,0
2024-05-20 05:30:00,12
2024-05-20 06:00:00,67
2024-05-20 06:30:00,145
2024-05-20 07:00:00,226
2024-05-20 07:30:00,298
2024-05-20 08:00:00,412
2024-05-20 08:30:00,502
2024-05-20 09:00:00,589
2024-05-20 09:30:00,670
2024-05-20 10:00:00,743
2024-05-20 10:30:00,808
2024-05-20 11:00:00,862
2024-05-20 11:30:00,904
2024-05-20 12:00:00,934
2024-05-20 12:30:00,951
2024-05-20 13:00:00,956
2024-05-20 13:30:00,934
2024-05-20 14:00:00,923
2024-05-20 14:30:00,887
2024-05-20 15:00:00,840
2024-05-20 15:30:00,781
2024-05-20 16:00:00,713
2024-05-20 16:30:00,636
2024-05-20 17:00:00,552
2024-05-20 17:30:00,464
2024-05-20 18:00:00,372
2024-05-20 18:30:00,281
2024-05-20 19:00:00,191
2024-05-20 19:30:00,80
2024-05-20 20:00:00,43
2024-05-20 20:30:00,4
2024-05-20 21:00:00,0
2024-05-20 21:30:00,0
2024-05-20 22:00:00,0
2024-05-20 22:30:00,0
2024-05-20 23:00:00,0
2024-05-20 23:30:00,0
2024-05-21 00:00:00,0
2024-05-21 00:30:00,0
2024-05-21 01:00:00,0
2024-05-21 01:30:00,0
2024-05-21 02:00:00,0
2024-05-21 02:30:00,0
2024-05-21 03:00:00,0
2024-05-21 03:30:00,0
2024-05-21 04:00:00,0
2024-05-21 04:30:00,0
2024-05-21 05:00:00,0
2024-05-21 05:30:00,8
2024-05-21 06:00:00,57
2024-05-21 06:30:00,138
2024-05-21 07:00:00,220
2024-05-21 07:30:00,289
2024-05-21 08:00:00,301
2024-05-21 08:30:00,455
2024-05-21 09:00:00,508
2024-05-21 09:30:00,483
2024-05-21 10:00:00,461
2024-05-21 10:30:00,328
2024-05-21 11:00:00,292
2024-05-21 11:30:00,349
2024-05-21 12:00:00,375
2024-05-21 12:30:00,405
2024-05-21 13:00:00,532
2024-05-21 13:30:00,568
2024-05-21 14:00:00,487
2024-05-21 14:30:00,356
2024-05-21 15:00:00,285
2024-05-21 15:30:00,223
2024-05-21 16:00:00,158
2024-05-21 16:30:00,122
2024-05-21 17:00:00,147
2024-05-21 17:30:00,130
2024-05-21 18:00:00,96
2024-05-21 18:30:00,79
2024-05-21 19:00:00,62
2024-05-21 19:30:00,61
2024-05-21 20:00:00,36
2024-05-21 20:30:00,2
2024-05-21 21:00:00,0
2024-05-21 21:30:00,0
2024-05-21 22:00:00,0
2024-05-21 22:30:00,0
2024-05-21 23:00:00,0
2024-05-21 23:30:00,0
2024-05-22 00:00:00,0
2024-05-22 00:30:00,0
2024-05-22 01:00:00,0
2024-05-22 01:30:00,0
2024-05-22 02:00:00,0
2024-05-22 02:30:00,0
2024-05-22 03:00:00,0
2024-05-22 03:30:00,0
2024-05-22 04:00:00,0
2024-05-22 04:30:00,0
2024-05-22 05:00:00,0
2024-05-22 05:30:00,11
2024-05-22 06:00:00,57
2024-05-22 06:30:00,141
2024-05-22 07:00:00,211
2024-05-22 07:30:00,321
2024-05-22 08:00:00,428
2024-05-22 08:30:00,520
2024-05-22 09:00:00,574
2024-05-22 09:30:00,509
2024-05-22 10:00:00,494
2024-05-22 10:30:00,581
2024-05-22 11:00:00,693
2024-05-22 11:30:00,666
2024-05-22 12:00:00,773
2024-05-22 12:30:00,732
2024-05-22 13:00:00,628
2024-05-22 13:30:00,243
2024-05-22 14:00:00,210
2024-05-22 14:30:00,271
2024-05-22 15:00:00,267
2024-05-22 15:30:00,411
2024-05-22 16:00:00,469
2024-05-22 16:30:00,439
2024-05-22 17:00:00,403
2024-05-22 17:30:00,377
2024-05-22 18:00:00,353
2024-05-22 18:30:00,233
2024-05-22 19:00:00,167
2024-05-22 19:30:00,62
2024-05-22 20:00:00,26
2024-05-22 20:30:00,2
2024-05-22 21:00:00,0
2024-05-22 21:30:00,0
2024-05-22 22:00:00,0
2024-05-22 22:30:00,0
2024-05-22 23:00:00,0
2024-05-22 23:30:00,0
2024-05-23 00:00:00,0
2024-05-23 00:30:00,0
2024-05-23 01:00:00,0
2024-05-23 01:30:00,0
2024-05-23 02:00:00,0
2024-05-23 02:30:00,0
2024-05-23 03:00:00,0
2024-05-23 03:30:00,0
2024-05-23 04:00:00,0
2024-05-23 04:30:00,0
2024-05-23 05:00:00,0
2024-05-23 05:30:00,17
2024-05-23 06:00:00,76
2024-05-23 06:30:00,150
2024-05-23 07:00:00,235
2024-05-23 07:30:00,315
2024-05-23 08:00:00,406
2024-05-23 08:30:00,391
2024-05-23 09:00:00,461
2024-05-23 09:30:00,528
2024-05-23 10:00:00,422
2024-05-23 10:30:00,511
2024-05-23 11:00:00,750
2024-05-23 11:30:00,898
2024-05-23 12:00:00,928
2024-05-23 12:30:00,944
2024-05-23 13:00:00,948
2024-05-23 13:30:00,937
2024-05-23 14:00:00,913
2024-05-23 14:30:00,878
2024-05-23 15:00:00,831
2024-05-23 15:30:00,772
2024-05-23 16:00:00,704
2024-05-23 16:30:00,629
2024-05-23 17:00:00,547
2024-05-23 17:30:00,460
2024-05-23 18:00:00,371
2024-05-23 18:30:00,282
2024-05-23 19:00:00,195
2024-05-23 19:30:00,115
2024-05-23 20:00:00,49
2024-05-23 20:30:00,5
2024-05-23 21:00:00,0
2024-05-23 21:30:00,0
2024-05-23 22:00:00,0
2024-05-23 22:30:00,0
2024-05-23 23:00:00,0
2024-05-23 23:30:00,0
2024-05-24 00:00:00,0
2024-05-24 00:30:00,0
2024-05-24 01:00:00,0
2024-05-24 01:30:00,0
2024-05-24 02:00:00,0
2024-05-24 02:30:00,0
2024-05-24 03:00:00,0
2024-05-24 03:30:00,0
2024-05-24 04:00:00,0
2024-05-24 04:30:00,0
2024-05-24 05:00:00,0
2024-05-24 05:30:00,20
2024-05-24 06:00:00,64
2024-05-24 06:30:00,142
2024-05-24 07:00:00,206
2024-05-24 07:30:00,311
2024-05-24 08:00:00,407
2024-05-24 08:30:00,474
2024-05-24 09:00:00,561
2024-05-24 09:30:00,607
2024-05-24 10:00:00,706
2024-05-24 10:30:00,728
2024-05-24 11:00:00,867
2024-05-24 11:30:00,847
2024-05-24 12:00:00,861
2024-05-24 12:30:00,784
2024-05-24 13:00:00,831
2024-05-24 13:30:00,824
2024-05-24 14:00:00,803
2024-05-24 14:30:00,665
2024-05-24 15:00:00,567
2024-05-24 15:30:00,549
2024-05-24 16:00:00,404
2024-05-24 16:30:00,443
2024-05-24 17:00:00,442
2024-05-24 17:30:00,302
2024-05-24 18:00:00,161
2024-05-24 18:30:00,99
2024-05-24 19:00:00,107
2024-05-24 19:30:00,97
2024-05-24 20:00:00,37
2024-05-24 20:30:00,3
2024-05-24 21:00:00,0
2024-05-24 21:30:00,0
2024-05-24 22:00:00,0
2024-05-24 22:30:00,0
2024-05-24 23:00:00,0
2024-05-24 23:30:00,0
2024-05-25 00:00:00,0
2024-05-25 00:30:00,0
2024-05-25 01:00:00,0
2024-05-25 01:30:00,0
2024-05-25 02:00:00,0
2024-05-25 02:30:00,0
2024-05-25 03:00:00,0
2024-05-25 03:30:00,0
2024-05-25 04:00:00,0
2024-05-25 04:30:00,0
2024-05-25 05:00:00,0
2024-05-25 05:30:00,21
2024-05-25 06:00:00,75
2024-05-25 06:30:00,116
2024-05-25 07:00:00,229
2024-05-25 07:30:00,327
2024-05-25 08:00:00,419
2024-05-25 08:30:00,474
2024-05-25 09:00:00,597
2024-05-25 09:30:00,604
2024-05-25 10:00:00,614
2024-05-25 10:30:00,651
2024-05-25 11:00:00,771
2024-05-25 11:30:00,800
2024-05-25 12:00:00,838
2024-05-25 12:30:00,832
2024-05-25 13:00:00,815
2024-05-25 13:30:00,803
2024-05-25 14:00:00,653
2024-05-25 14:30:00,682
2024-05-25 15:00:00,459
2024-05-25 15:30:00,540
2024-05-25 16:00:00,564
2024-05-25 16:30:00,539
2024-05-25 17:00:00,384
2024-05-25 17:30:00,257
2024-05-25 18:00:00,256
2024-05-25 18:30:00,152
2024-05-25 19:00:00,95
2024-05-25 19:30:00,61
2024-05-25 20:00:00,37
2024-05-25 20:30:00,2
2024-05-25 21:00:00,0
2024-05-25 21:30:00,0
2024-05-25 22:00:00,0
2024-05-25 22:30:00,0
2024-05-25 23:00:00,0
2024-05-25 23:30:00,0
2024-05-26 00:00:00,0
2024-05-26 00:30:00,0
2024-05-26 01:00:00,0
2024-05-26 01:30:00,0
2024-05-26 02:00:00,0
2024-05-26 02:30:00,0
2024-05-26 03:00:00,0
2024-05-26 03:30:00,0
2024-05-26 04:00:00,0
2024-05-26 04:30:00,0
2024-05-26 05:00:00,0
2024-05-26 05:30:00,14
2024-05-26 06:00:00,47
2024-05-26 06:30:00,146
2024-05-26 07:00:00,228
2024-05-26 07:30:00,317
2024-05-26 08:00:00,369
2024-05-26 08:30:00,493
2024-05-26 09:00:00,564
2024-05-26 09:30:00,576
2024-05-26 10:00:00,630
2024-05-26 10:30:00,741
2024-05-26 11:00:00,756
2024-05-26 11:30:00,803
2024-05-26 12:00:00,828
2024-05-26 12:30:00,838
2024-05-26 13:00:00,821
2024-05-26 13:30:00,815
2024-05-26 14:00:00,638
2024-05-26 14:30:00,364
2024-05-26 15:00:00,263
2024-05-26 15:30:00,499
2024-05-26 16:00:00,570
2024-05-26 16:30:00,527
2024-05-26 17:00:00,426
2024-05-26 17:30:00,349
2024-05-26 18:00:00,273
2024-05-26 18:30:00,258
2024-05-26 19:00:00,191
2024-05-26 19:30:00,114
2024-05-26 20:00:00,49
2024-05-26 20:30:00,7
2024-05-26 21:00:00,0
2024-05-26 21:30:00,0
2024-05-26 22:00:00,0
2024-05-26 22:30:00,0
2024-05-26 23:00:00,0
2024-05-26 23:30:00,0
2024-05-27 00:00:00,0
2024-05-27 00:30:00,0
2024-05-27 01:00:00,0
2024-05-27 01:30:00,0
2024-05-27 02:00:00,0
2024-05-27 02:30:00,0
2024-05-27 03:00:00,0
2024-05-27 03:30:00,0
2024-05-27 04:00:00,0
2024-05-27 04:30:00,0
2024-05-27 05:00:00,0
2024-05-27 05:30:00,22
2024-05-27 06:00:00,72
2024-05-27 06:30:00,127
2024-05-27 07:00:00,224
2024-05-27 07:30:00,317
2024-05-27 08:00:00,405
2024-05-27 08:30:00,467
2024-05-27 09:00:00,543
2024-05-27 09:30:00,591
2024-05-27 10:00:00,667
2024-05-27 10:30:00,730
2024-05-27 11:00:00,775
2024-05-27 11:30:00,801
2024-05-27 12:00:00,810
2024-05-27 12:30:00,806
2024-05-27 13:00:00,834
2024-05-27 13:30:00,853
2024-05-27 14:00:00,807
2024-05-27 14:30:00,790
2024-05-27 15:00:00,727
2024-05-27 15:30:00,679
2024-05-27 16:00:00,620
2024-05-27 16:30:00,530
2024-05-27 17:00:00,466
2024-05-27 17:30:00,374
2024-05-27 18:00:00,326
2024-05-27 18:30:00,225
2024-05-27 19:00:00,161
2024-05-27 19:30:00,79
2024-05-27 20:00:00,35
2024-05-27 20:30:00,8
2024-05-27 21:00:00,0
2024-05-27 21:30:00,0
2024-05-27 22:00:00,0
2024-05-27 22:30:00,0
2024-05-27 23:00:00,0
2024-05-27 23:30:00,0
2024-05-28 00:00:00,0
2024-05-28 00:30:00,0
2024-05-28 01:00:00,0
2024-05-28 01:30:00,0
2024-05-28 02:00:00,0
2024-05-28 02:30:00,0
2024-05-28 03:00:00,0
2024-05-28 03:30:00,0
2024-05-28 04:00:00,0
2024-05-28 04:30:00,0
2024-05-28 05:00:00,0
2024-05-28 05:30:00,13
2024-05-28 06:00:00,54
2024-05-28 06:30:00,138
2024-05-28 07:00:00,159
2024-05-28 07:30:00,260
2024-05-28 08:00:00,305
2024-05-28 08:30:00,350
2024-05-28 09:00:00,399
2024-05-28 09:30:00,534
2024-05-28 10:00:00,619
2024-05-28 10:30:00,627
2024-05-28 11:00:00,643
2024-05-28 11:30:00,723
2024-05-28 12:00:00,695
2024-05-28 12:30:00,617
2024-05-28 13:00:00,632
2024-05-28 13:30:00,590
2024-05-28 14:00:00,552
2024-05-28 14:30:00,623
2024-05-28 15:00:00,491
2024-05-28 15:30:00,517
2024-05-28 16:00:00,505
2024-05-28 16:30:00,493
2024-05-28 17:00:00,441
2024-05-28 17:30:00,269
2024-05-28 18:00:00,239
2024-05-28 18:30:00,131
2024-05-28 19:00:00,45
2024-05-28 19:30:00,38
2024-05-28 20:00:00,36
2024-05-28 20:30:00,7
2024-05-28 21:00:00,0
2024-05-28 21:30:00,0
2024-05-28 22:00:00,0
2024-05-28 22:30:00,0
2024-05-28 23:00:00,0
2024-05-28 23:30:00,0
2024-05-29 00:00:00,0
2024-05-29 00:30:00,0
2024-05-29 01:00:00,0
2024-05-29 01:30:00,0
2024-05-29 02:00:00,0
2024-05-29 02:30:00,0
2024-05-29 03:00:00,0
2024-05-29 03:30:00,0
2024-05-29 04:00:00,0
2024-05-29 04:30:00,0
2024-05-29 05:00:00,0
2024-05-29 05:30:00,12
2024-05-29 06:00:00,79
2024-05-29 06:30:00,163
2024-05-29 07:00:00,235
2024-05-29 07:30:00,342
2024-05-29 08:00:00,433
2024-05-29 08:30:00,523
2024-05-29 09:00:00,607
2024-05-29 09:30:00,672
2024-05-29 10:00:00,667
2024-05-29 10:30:00,586
2024-05-29 11:00:00,574
2024-05-29 11:30:00,732
2024-05-29 12:00:00,688
2024-05-29 12:30:00,688
2024-05-29 13:00:00,754
2024-05-29 13:30:00,363
2024-05-29 14:00:00,559
2024-05-29 14:30:00,704
2024-05-29 15:00:00,596
2024-05-29 15:30:00,302
2024-05-29 16:00:00,510
2024-05-29 16:30:00,523
2024-05-29 17:00:00,254
2024-05-29 17:30:00,412
2024-05-29 18:00:00,389
2024-05-29 18:30:00,282
2024-05-29 19:00:00,189
2024-05-29 19:30:00,125
2024-05-29 20:00:00,60
2024-05-29 20:30:00,12
2024-05-29 21:00:00,0
2024-05-29 21:30:00,0
2024-05-29 22:00:00,0
2024-05-29 22:30:00,0
2024-05-29 23:00:00,0
2024-05-29 23:30:00,0
2024-05-30 00:00:00,0
2024-05-30 00:30:00,0
2024-05-30 01:00:00,0
2024-05-30 01:30:00,0
2024-05-30 02:00:00,0
2024-05-30 02:30:00,0
2024-05-30 03:00:00,0
2024-05-30 03:30:00,0
2024-05-30 04:00:00,0
2024-05-30 04:30:00,0
2024-05-30 05:00:00,0
2024-05-30 05:30:00,28
2024-05-30 06:00:00,89
2024-05-30 06:30:00,166
2024-05-30 07:00:00,253
2024-05-30 07:30:00,344
2024-05-30 08:00:00,435
2024-05-30 08:30:00,525
2024-05-30 09:00:00,611
2024-05-30 09:30:00,691
2024-05-30 10:00:00,764
2024-05-30 10:30:00,828
2024-05-30 11:00:00,882
2024-05-30 11:30:00,924
2024-05-30 12:00:00,954
2024-05-30 12:30:00,972
2024-05-30 13:00:00,976
2024-05-30 13:30:00,966
2024-05-30 14:00:00,942
2024-05-30 14:30:00,908
2024-05-30 15:00:00,861
2024-05-30 15:30:00,804
2024-05-30 16:00:00,736
2024-05-30 16:30:00,582
2024-05-30 17:00:00,519
2024-05-30 17:30:00,490
2024-05-30 18:00:00,399
2024-05-30 18:30:00,307
2024-05-30 19:00:00,218
2024-05-30 19:30:00,130
2024-05-30 20:00:00,60
2024-05-30 20:30:00,10
2024-05-30 21:00:00,0
2024-05-30 21:30:00,0
2024-05-30 22:00:00,0
2024-05-30 22:30:00,0
2024-05-30 23:00:00,0
2024-05-30 23:30:00,0
2024-05-31 00:00:00,0
2024-05-31 00:30:00,0
2024-05-31 01:00:00,0
2024-05-31 01:30:00,0
2024-05-31 02:00:00,0
2024-05-31 02:30:00,0
2024-05-31 03:00:00,0
2024-05-31 03:30:00,0
2024-05-31 04:00:00,0
2024-05-31 04:30:00,0
2024-05-31 05:00:00,0
2024-05-31 05:30:00,28
2024-05-31 06:00:00,88
2024-05-31 06:30:00,164
2024-05-31 07:00:00,248
2024-05-31 07:30:00,338
2024-05-31 08:00:00,428
2024-05-31 08:30:00,517
2024-05-31 09:00:00,602
2024-05-31 09:30:00,680
2024-05-31 10:00:00,752
2024-05-31 10:30:00,818
2024-05-31 11:00:00,863
2024-05-31 11:30:00,915
2024-05-31 12:00:00,888
2024-05-31 12:30:00,920
2024-05-31 13:00:00,878
2024-05-31 13:30:00,867
2024-05-31 14:00:00,839
2024-05-31 14:30:00,815
2024-05-31 15:00:00,761
2024-05-31 15:30:00,762
2024-05-31 16:00:00,726
2024-05-31 16:30:00,651
2024-05-31 17:00:00,571
2024-05-31 17:30:00,484
2024-05-31 18:00:00,395
2024-05-31 18:30:00,305
2024-05-31 19:00:00,217
2024-05-31 19:30:00,134
2024-05-31 20:00:00,63
2024-05-31 20:30:00,13
2024-05-31 21:00:00,0
2024-05-31 21:30:00,0
2024-05-31 22:00:00,0
2024-05-31 22:30:00,0
2024-05-31 23:00:00,0
2024-05-31 23:30:00,0
2024-06-01 00:00:00,0
2024-06-01 00:30:00,0
2024-06-01 01:00:00,0
2024-06-01 01:30:00,0
2024-06-01 02:00:00,0
2024-06-01 02:30:00,0
2024-06-01 03:00:00,0
2024-06-01 03:30:00,0
2024-06-01 04:00:00,0
2024-06-01 04:30:00,0
2024-06-01 05:00:00,0
2024-06-01 05:30:00,15
2024-06-01 06:00:00,43
2024-06-01 06:30:00,82
2024-06-01 07:00:00,121
2024-06-01 07:30:00,188
2024-06-01 08:00:00,224
2024-06-01 08:30:00,338
2024-06-01 09:00:00,389
2024-06-01 09:30:00,446
2024-06-01 10:00:00,422
2024-06-01 10:30:00,366
2024-06-01 11:00:00,433
2024-06-01 11:30:00,770
2024-06-01 12:00:00,806
2024-06-01 12:30:00,705
2024-06-01 13:00:00,723
2024-06-01 13:30:00,753
2024-06-01 14:00:00,723
2024-06-01 14:30:00,710
2024-06-01 15:00:00,632
2024-06-01 15:30:00,554
2024-06-01 16:00:00,435
2024-06-01 16:30:00,280
2024-06-01 17:00:00,158
2024-06-01 17:30:00,282
2024-06-01 18:00:00,252
2024-06-01 18:30:00,202
2024-06-01 19:00:00,191
2024-06-01 19:30:00,87
2024-06-01 20:00:00,50
2024-06-01 20:30:00,11
2024-06-01 21:00:00,0
2024-06-01 21:30:00,0
2024-06-01 22:00:00,0
2024-06-01 22:30:00,0
2024-06-01 23:00:00,0
2024-06-01 23:30:00,0
2024-06-02 00:00:00,0
2024-06-02 00:30:00,0
2024-06-02 01:00:00,0
2024-06-02 01:30:00,0
2024-06-02 02:00:00,0
2024-06-02 02:30:00,0
2024-06-02 03:00:00,0
2024-06-02 03:30:00,0
2024-06-02 04:00:00,0
2024-06-02 04:30:00,0
2024-06-02 05:00:00,0
2024-06-02 05:30:00,24
2024-06-02 06:00:00,76
2024-06-02 06:30:00,122
2024-06-02 07:00:00,200
2024-06-02 07:30:00,329
2024-06-02 08:00:00,373
2024-06-02 08:30:00,404
2024-06-02 09:00:00,516
2024-06-02 09:30:00,565
2024-06-02 10:00:00,593
2024-06-02 10:30:00,623
2024-06-02 11:00:00,575
2024-06-02 11:30:00,557
2024-06-02 12:00:00,556
2024-06-02 12:30:00,559
2024-06-02 13:00:00,474
2024-06-02 13:30:00,396
2024-06-02 14:00:00,487
2024-06-02 14:30:00,316
2024-06-02 15:00:00,222
2024-06-02 15:30:00,164
2024-06-02 16:00:00,118
2024-06-02 16:30:00,92
2024-06-02 17:00:00,74
2024-06-02 17:30:00,40
2024-06-02 18:00:00,58
2024-06-02 18:30:00,49
2024-06-02 19:00:00,51
2024-06-02 19:30:00,58
2024-06-02 20:00:00,58
2024-06-02 20:30:00,12
2024-06-02 21:00:00,0
2024-06-02 21:30:00,0
2024-06-02 22:00:00,0
2024-06-02 22:30:00,0
2024-06-02 23:00:00,0
2024-06-02 23:30:00,0
2024-06-03 00:00:00,0
2024-06-03 00:30:00,0
2024-06-03 01:00:00,0
2024-06-03 01:30:00,0
2024-06-03 02:00:00,0
2024-06-03 02:30:00,0
2024-06-03 03:00:00,0
2024-06-03 03:30:00,0
2024-06-03 04:00:00,0
2024-06-03 04:30:00,0
2024-06-03 05:00:00,0
2024-06-03 05:30:00,23
2024-06-03 06:00:00,73
2024-06-03 06:30:00,64
2024-06-03 07:00:00,131
2024-06-03 07:30:00,228
2024-06-03 08:00:00,436
2024-06-03 08:30:00,515
2024-06-03 09:00:00,601
2024-06-03 09:30:00,690
2024-06-03 10:00:00,627
2024-06-03 10:30:00,361
2024-06-03 11:00:00,718
2024-06-03 11:30:00,703
2024-06-03 12:00:00,643
2024-06-03 12:30:00,415
2024-06-03 13:00:00,327
2024-06-03 13:30:00,555
2024-06-03 14:00:00,611
2024-06-03 14:30:00,720
2024-06-03 15:00:00,650
2024-06-03 15:30:00,599
2024-06-03 16:00:00,589
2024-06-03 16:30:00,522
2024-06-03 17:00:00,310
2024-06-03 17:30:00,128
2024-06-03 18:00:00,172
2024-06-03 18:30:00,138
2024-06-03 19:00:00,165
2024-06-03 19:30:00,86
2024-06-03 20:00:00,58
2024-06-03 20:30:00,12
2024-06-03 21:00:00,0
2024-06-03 21:30:00,0
2024-06-03 22:00:00,0
2024-06-03 22:30:00,0
2024-06-03 23:00:00,0
2024-06-03 23:30:00,0
2024-06-04 00:00:00,0
2024-06-04 00:30:00,0
2024-06-04 01:00:00,0
2024-06-04 01:30:00,0
2024-06-04 02:00:00,0
2024-06-04 02:30:00,0
2024-06-04 03:00:00,0
2024-06-04 03:30:00,0
2024-06-04 04:00:00,0
2024-06-04 04:30:00,0
2024-06-04 05:00:00,0
2024-06-04 05:30:00,29
2024-06-04 06:00:00,37
2024-06-04 06:30:00,11
2024-06-04 07:00:00,57
2024-06-04 07:30:00,61
2024-06-04 08:00:00,60
2024-06-04 08:30:00,124
2024-06-04 09:00:00,174
2024-06-04 09:30:00,265
2024-06-04 10:00:00,379
2024-06-04 10:30:00,478
2024-06-04 11:00:00,510
2024-06-04 11:30:00,540
2024-06-04 12:00:00,442
2024-06-04 12:30:00,131
2024-06-04 13:00:00,176
2024-06-04 13:30:00,158
2024-06-04 14:00:00,55
2024-06-04 14:30:00,379
2024-06-04 15:00:00,615
2024-06-04 15:30:00,624
2024-06-04 16:00:00,656
2024-06-04 16:30:00,615
2024-06-04 17:00:00,502
2024-06-04 17:30:00,480
2024-06-04 18:00:00,394
2024-06-04 18:30:00,307
2024-06-04 19:00:00,221
2024-06-04 19:30:00,140
2024-06-04 20:00:00,69
2024-06-04 20:30:00,18
2024-06-04 21:00:00,0
2024-06-04 21:30:00,0
2024-06-04 22:00:00,0
2024-06-04 22:30:00,0
2024-06-04 23:00:00,0
2024-06-04 23:30:00,0
2024-06-05 00:00:00,0
2024-06-05 00:30:00,0
2024-06-05 01:00:00,0
2024-06-05 01:30:00,0
2024-06-05 02:00:00,0
2024-06-05 02:30:00,0
2024-06-05 03:00:00,0
2024-06-05 03:30:00,0
2024-06-05 04:00:00,0
2024-06-05 04:30:00,0
2024-06-05 05:00:00,2
2024-06-05 05:30:00,35
2024-06-05 06:00:00,96
2024-06-05 06:30:00,174
2024-06-05 07:00:00,260
2024-06-05 07:30:00,351
2024-06-05 08:00:00,442
2024-06-05 08:30:00,532
2024-06-05 09:00:00,618
2024-06-05 09:30:00,698
2024-06-05 10:00:00,771
2024-06-05 10:30:00,834
2024-06-05 11:00:00,885
2024-06-05 11:30:00,926
2024-06-05 12:00:00,957
2024-06-05 12:30:00,973
2024-06-05 13:00:00,976
2024-06-05 13:30:00,968
2024-06-05 14:00:00,947
2024-06-05 14:30:00,913
2024-06-05 15:00:00,867
2024-06-05 15:30:00,810
2024-06-05 16:00:00,743
2024-06-05 16:30:00,667
2024-06-05 17:00:00,585
2024-06-05 17:30:00,498
2024-06-05 18:00:00,408
2024-06-05 18:30:00,318
2024-06-05 19:00:00,229
2024-06-05 19:30:00,145
2024-06-05 20:00:00,72
2024-06-05 20:30:00,19
2024-06-05 21:00:00,0
2024-06-05 21:30:00,0
2024-06-05 22:00:00,0
2024-06-05 22:30:00,0
2024-06-05 23:00:00,0
2024-06-05 23:30:00,0
2024-06-06 00:00:00,0
2024-06-06 00:30:00,0
2024-06-06 01:00:00,0
2024-06-06 01:30:00,0
2024-06-06 02:00:00,0
2024-06-06 02:30:00,0
2024-06-06 03:00:00,0
2024-06-06 03:30:00,0
2024-06-06 04:00:00,0
2024-06-06 04:30:00,0
2024-06-06 05:00:00,2
2024-06-06 05:30:00,32
2024-06-06 06:00:00,90
2024-06-06 06:30:00,165
2024-06-06 07:00:00,249
2024-06-06 07:30:00,338
2024-06-06 08:00:00,427
2024-06-06 08:30:00,515
2024-06-06 09:00:00,599
2024-06-06 09:30:00,677
2024-06-06 10:00:00,749
2024-06-06 10:30:00,812
2024-06-06 11:00:00,865
2024-06-06 11:30:00,906
2024-06-06 12:00:00,936
2024-06-06 12:30:00,953
2024-06-06 13:00:00,957
2024-06-06 13:30:00,949
2024-06-06 14:00:00,928
2024-06-06 14:30:00,894
2024-06-06 15:00:00,849
2024-06-06 15:30:00,793
2024-06-06 16:00:00,728
2024-06-06 16:30:00,654
2024-06-06 17:00:00,528
2024-06-06 17:30:00,413
2024-06-06 18:00:00,400
2024-06-06 18:30:00,311
2024-06-06 19:00:00,224
2024-06-06 19:30:00,142
2024-06-06 20:00:00,71
2024-06-06 20:30:00,18
2024-06-06 21:00:00,0
2024-06-06 21:30:00,0
2024-06-06 22:00:00,0
2024-06-06 22:30:00,0
2024-06-06 23:00:00,0
2024-06-06 23:30:00,0
2024-06-07 00:00:00,0
2024-06-07 00:30:00,0
2024-06-07 01:00:00,0
2024-06-07 01:30:00,0
2024-06-07 02:00:00,0
2024-06-07 02:30:00,0
2024-06-07 03:00:00,0
2024-06-07 03:30:00,0
2024-06-07 04:00:00,0
2024-06-07 04:30:00,0
2024-06-07 05:00:00,2
2024-06-07 05:30:00,31
2024-06-07 06:00:00,92
2024-06-07 06:30:00,163
2024-06-07 07:00:00,226
2024-06-07 07:30:00,310
2024-06-07 08:00:00,412
2024-06-07 08:30:00,518
2024-06-07 09:00:00,604
2024-06-07 09:30:00,683
2024-06-07 10:00:00,756
2024-06-07 10:30:00,819
2024-06-07 11:00:00,873
2024-06-07 11:30:00,916
2024-06-07 12:00:00,946
2024-06-07 12:30:00,964
2024-06-07 13:00:00,970
2024-06-07 13:30:00,961
2024-06-07 14:00:00,939
2024-06-07 14:30:00,906
2024-06-07 15:00:00,860
2024-06-07 15:30:00,804
2024-06-07 16:00:00,740
2024-06-07 16:30:00,666
2024-06-07 17:00:00,586
2024-06-07 17:30:00,500
2024-06-07 18:00:00,411
2024-06-07 18:30:00,322
2024-06-07 19:00:00,234
2024-06-07 19:30:00,150
2024-06-07 20:00:00,76
2024-06-07 20:30:00,21
2024-06-07 21:00:00,0
2024-06-07 21:30:00,0
2024-06-07 22:00:00,0
2024-06-07 22:30:00,0
2024-06-07 23:00:00,0
2024-06-07 23:30:00,0
2024-06-08 00:00:00,0
2024-06-08 00:30:00,0
2024-06-08 01:00:00,0
2024-06-08 01:30:00,0
2024-06-08 02:00:00,0
2024-06-08 02:30:00,0
2024-06-08 03:00:00,0
2024-06-08 03:30:00,0
2024-06-08 04:00:00,0
2024-06-08 04:30:00,0
2024-06-08 05:00:00,1
2024-06-08 05:30:00,30
2024-06-08 06:00:00,96
2024-06-08 06:30:00,172
2024-06-08 07:00:00,256
2024-06-08 07:30:00,344
2024-06-08 08:00:00,434
2024-06-08 08:30:00,521
2024-06-08 09:00:00,605
2024-06-08 09:30:00,683
2024-06-08 10:00:00,753
2024-06-08 10:30:00,816
2024-06-08 11:00:00,868
2024-06-08 11:30:00,909
2024-06-08 12:00:00,938
2024-06-08 12:30:00,935
2024-06-08 13:00:00,910
2024-06-08 13:30:00,911
2024-06-08 14:00:00,792
2024-06-08 14:30:00,694
2024-06-08 15:00:00,456
2024-06-08 15:30:00,434
2024-06-08 16:00:00,324
2024-06-08 16:30:00,353
2024-06-08 17:00:00,416
2024-06-08 17:30:00,381
2024-06-08 18:00:00,343
2024-06-08 18:30:00,295
2024-06-08 19:00:00,189
2024-06-08 19:30:00,145
2024-06-08 20:00:00,74
2024-06-08 20:30:00,17
2024-06-08 21:00:00,0
2024-06-08 21:30:00,0
2024-06-08 22:00:00,0
2024-06-08 22:30:00,0
2024-06-08 23:00:00,0
2024-06-08 23:30:00,0
2024-06-09 00:00:00,0
2024-06-09 00:30:00,0
2024-06-09 01:00:00,0
2024-06-09 01:30:00,0
2024-06-09 02:00:00,0
2024-06-09 02:30:00,0
2024-06-09 03:00:00,0
2024-06-09 03:30:00,0
2024-06-09 04:00:00,0
2024-06-09 04:30:00,0
2024-06-09 05:00:00,0
2024-06-09 05:30:00,14
2024-06-09 06:00:00,56
2024-06-09 06:30:00,121
2024-06-09 07:00:00,188
2024-06-09 07:30:00,239
2024-06-09 08:00:00,305
2024-06-09 08:30:00,302
2024-06-09 09:00:00,375
2024-06-09 09:30:00,446
2024-06-09 10:00:00,492
2024-06-09 10:30:00,456
2024-06-09 11:00:00,234
2024-06-09 11:30:00,157
2024-06-09 12:00:00,298
2024-06-09 12:30:00,271
2024-06-09 13:00:00,421
2024-06-09 13:30:00,537
2024-06-09 14:00:00,533
2024-06-09 14:30:00,621
2024-06-09 15:00:00,644
2024-06-09 15:30:00,609
2024-06-09 16:00:00,569
2024-06-09 16:30:00,566
2024-06-09 17:00:00,558
2024-06-09 17:30:00,476
2024-06-09 18:00:00,391
2024-06-09 18:30:00,304
2024-06-09 19:00:00,219
2024-06-09 19:30:00,140
2024-06-09 20:00:00,71
2024-06-09 20:30:00,19
2024-06-09 21:00:00,0
2024-06-09 21:30:00,0
2024-06-09 22:00:00,0
2024-06-09 22:30:00,0
2024-06-09 23:00:00,0
2024-06-09 23:30:00,0
2024-06-10 00:00:00,0
2024-06-10 00:30:00,0
2024-06-10 01:00:00,0
2024-06-10 01:30:00,0
2024-06-10 02:00:00,0
2024-06-10 02:30:00,0
2024-06-10 03:00:00,0
2024-06-10 03:30:00,0
2024-06-10 04:00:00,0
2024-06-10 04:30:00,0
2024-06-10 05:00:00,2
2024-06-10 05:30:00,34
2024-06-10 06:00:00,92
2024-06-10 06:30:00,167
2024-06-10 07:00:00,247
2024-06-10 07:30:00,328
2024-06-10 08:00:00,414
2024-06-10 08:30:00,408
2024-06-10 09:00:00,576
2024-06-10 09:30:00,678
2024-06-10 10:00:00,719
2024-06-10 10:30:00,769
2024-06-10 11:00:00,857
2024-06-10 11:30:00,910
2024-06-10 12:00:00,940
2024-06-10 12:30:00,958
2024-06-10 13:00:00,961
2024-06-10 13:30:00,953
2024-06-10 14:00:00,932
2024-06-10 14:30:00,899
2024-06-10 15:00:00,854
2024-06-10 15:30:00,798
2024-06-10 16:00:00,733
2024-06-10 16:30:00,660
2024-06-10 17:00:00,546
2024-06-10 17:30:00,497
2024-06-10 18:00:00,348
2024-06-10 18:30:00,292
2024-06-10 19:00:00,166
2024-06-10 19:30:00,89
2024-06-10 20:00:00,45
2024-06-10 20:30:00,19
2024-06-10 21:00:00,0
2024-06-10 21:30:00,0
2024-06-10 22:00:00,0
2024-06-10 22:30:00,0
2024-06-10 23:00:00,0
2024-06-10 23:30:00,0
2024-06-11 00:00:00,0
2024-06-11 00:30:00,0
2024-06-11 01:00:00,0
2024-06-11 01:30:00,0
2024-06-11 02:00:00,0
2024-06-11 02:30:00,0
2024-06-11 03:00:00,0
2024-06-11 03:30:00,0
2024-06-11 04:00:00,0
2024-06-11 04:30:00,0
2024-06-11 05:00:00,1
2024-06-11 05:30:00,15
2024-06-11 06:00:00,38
2024-06-11 06:30:00,131
2024-06-11 07:00:00,205
2024-06-11 07:30:00,299
2024-06-11 08:00:00,366
2024-06-11 08:30:00,418
2024-06-11 09:00:00,550
2024-06-11 09:30:00,687
2024-06-11 10:00:00,759
2024-06-11 10:30:00,822
2024-06-11 11:00:00,875
2024-06-11 11:30:00,917
2024-06-11 12:00:00,945
2024-06-11 12:30:00,962
2024-06-11 13:00:00,965
2024-06-11 13:30:00,957
2024-06-11 14:00:00,937
2024-06-11 14:30:00,905
2024-06-11 15:00:00,864
2024-06-11 15:30:00,811
2024-06-11 16:00:00,748
2024-06-11 16:30:00,676
2024-06-11 17:00:00,596
2024-06-11 17:30:00,511
2024-06-11 18:00:00,421
2024-06-11 18:30:00,332
2024-06-11 19:00:00,242
2024-06-11 19:30:00,157
2024-06-11 20:00:00,82
2024-06-11 20:30:00,23
2024-06-11 21:00:00,0
2024-06-11 21:30:00,0
2024-06-11 22:00:00,0
2024-06-11 22:30:00,0
2024-06-11 23:00:00,0
2024-06-11 23:30:00,0
2024-06-12 00:00:00,0
2024-06-12 00:30:00,0
2024-06-12 01:00:00,0
2024-06-12 01:30:00,0
2024-06-12 02:00:00,0
2024-06-12 02:30:00,0
2024-06-12 03:00:00,0
2024-06-12 03:30:00,0
2024-06-12 04:00:00,0
2024-06-12 04:30:00,0
2024-06-12 05:00:00,2
2024-06-12 05:30:00,36
2024-06-12 06:00:00,98
2024-06-12 06:30:00,176
2024-06-12 07:00:00,262
2024-06-12 07:30:00,352
2024-06-12 08:00:00,444
2024-06-12 08:30:00,535
2024-06-12 09:00:00,623
2024-06-12 09:30:00,705
2024-06-12 10:00:00,778
2024-06-12 10:30:00,847
2024-06-12 11:00:00,903
2024-06-12 11:30:00,947
2024-06-12 12:00:00,978
2024-06-12 12:30:00,996
2024-06-12 13:00:00,1002
2024-06-12 13:30:00,994
2024-06-12 14:00:00,974
2024-06-12 14:30:00,939
2024-06-12 15:00:00,893
2024-06-12 15:30:00,838
2024-06-12 16:00:00,773
2024-06-12 16:30:00,697
2024-06-12 17:00:00,614
2024-06-12 17:30:00,526
2024-06-12 18:00:00,434
2024-06-12 18:30:00,341
2024-06-12 19:00:00,250
2024-06-12 19:30:00,163
2024-06-12 20:00:00,82
2024-06-12 20:30:00,22
2024-06-12 21:00:00,0
2024-06-12 21:30:00,0
2024-06-12 22:00:00,0
2024-06-12 22:30:00,0
2024-06-12 23:00:00,0
2024-06-12 23:30:00,0
2024-06-13 00:00:00,0
2024-06-13 00:30:00,0
2024-06-13 01:00:00,0
2024-06-13 01:30:00,0
2024-06-13 02:00:00,0
2024-06-13 02:30:00,0
2024-06-13 03:00:00,0
2024-06-13 03:30:00,0
2024-06-13 04:00:00,0
2024-06-13 04:30:00,0
2024-06-13 05:00:00,2
2024-06-13 05:30:00,37
2024-06-13 06:00:00,99
2024-06-13 06:30:00,177
2024-06-13 07:00:00,263
2024-06-13 07:30:00,353
2024-06-13 08:00:00,444
2024-06-13 08:30:00,502
2024-06-13 09:00:00,593
2024-06-13 09:30:00,628
2024-06-13 10:00:00,728
2024-06-13 10:30:00,751
2024-06-13 11:00:00,830
2024-06-13 11:30:00,910
2024-06-13 12:00:00,961
2024-06-13 12:30:00,979
2024-06-13 13:00:00,984
2024-06-13 13:30:00,978
2024-06-13 14:00:00,959
2024-06-13 14:30:00,926
2024-06-13 15:00:00,881
2024-06-13 15:30:00,824
2024-06-13 16:00:00,756
2024-06-13 16:30:00,682
2024-06-13 17:00:00,601
2024-06-13 17:30:00,464
2024-06-13 18:00:00,285
2024-06-13 18:30:00,203
2024-06-13 19:00:00,183
2024-06-13 19:30:00,92
2024-06-13 20:00:00,58
2024-06-13 20:30:00,14
2024-06-13 21:00:00,0
2024-06-13 21:30:00,0
2024-06-13 22:00:00,0
2024-06-13 22:30:00,0
2024-06-13 23:00:00,0
2024-06-13 23:30:00,0
2024-06-14 00:00:00,0
2024-06-14 00:30:00,0
2024-06-14 01:00:00,0
2024-06-14 01:30:00,0
2024-06-14 02:00:00,0
2024-06-14 02:30:00,0
2024-06-14 03:00:00,0
2024-06-14 03:30:00,0
2024-06-14 04:00:00,0
2024-06-14 04:30:00,0
2024-06-14 05:00:00,2
2024-06-14 05:30:00,36
2024-06-14 06:00:00,97
2024-06-14 06:30:00,162
2024-06-14 07:00:00,242
2024-06-14 07:30:00,310
2024-06-14 08:00:00,402
2024-06-14 08:30:00,486
2024-06-14 09:00:00,563
2024-06-14 09:30:00,608
2024-06-14 10:00:00,643
2024-06-14 10:30:00,743
2024-06-14 11:00:00,792
2024-06-14 11:30:00,834
2024-06-14 12:00:00,856
2024-06-14 12:30:00,865
2024-06-14 13:00:00,871
2024-06-14 13:30:00,855
2024-06-14 14:00:00,807
2024-06-14 14:30:00,779
2024-06-14 15:00:00,702
2024-06-14 15:30:00,639
2024-06-14 16:00:00,552
2024-06-14 16:30:00,432
2024-06-14 17:00:00,332
2024-06-14 17:30:00,236
2024-06-14 18:00:00,197
2024-06-14 18:30:00,153
2024-06-14 19:00:00,130
2024-06-14 19:30:00,102
2024-06-14 20:00:00,69
2024-06-14 20:30:00,23
2024-06-14 21:00:00,0
2024-06-14 21:30:00,0
2024-06-14 22:00:00,0
2024-06-14 22:30:00,0
2024-06-14 23:00:00,0
2024-06-14 23:30:00,0
2024-06-15 00:00:00,0
2024-06-15 00:30:00,0
2024-06-15 01:00:00,0
2024-06-15 01:30:00,0
2024-06-15 02:00:00,0
2024-06-15 02:30:00,0
2024-06-15 03:00:00,0
2024-06-15 03:30:00,0
2024-06-15 04:00:00,0
2024-06-15 04:30:00,0
2024-06-15 05:00:00,1
2024-06-15 05:30:00,32
2024-06-15 06:00:00,75
2024-06-15 06:30:00,142
2024-06-15 07:00:00,231
2024-06-15 07:30:00,323
2024-06-15 08:00:00,410
2024-06-15 08:30:00,416
2024-06-15 09:00:00,609
2024-06-15 09:30:00,689
2024-06-15 10:00:00,740
2024-06-15 10:30:00,815
2024-06-15 11:00:00,729
2024-06-15 11:30:00,647
2024-06-15 12:00:00,823
2024-06-15 12:30:00,676
2024-06-15 13:00:00,690
2024-06-15 13:30:00,591
2024-06-15 14:00:00,354
2024-06-15 14:30:00,566
2024-06-15 15:00:00,701
2024-06-15 15:30:00,352
2024-06-15 16:00:00,508
2024-06-15 16:30:00,435
2024-06-15 17:00:00,464
2024-06-15 17:30:00,270
2024-06-15 18:00:00,361
2024-06-15 18:30:00,273
2024-06-15 19:00:00,210
2024-06-15 19:30:00,100
2024-06-15 20:00:00,71
2024-06-15 20:30:00,23
2024-06-15 21:00:00,0
2024-06-15 21:30:00,0
2024-06-15 22:00:00,0
2024-06-15 22:30:00,0
2024-06-15 23:00:00,0
2024-06-15 23:30:00,0
