datetime,Solar Radiation (W/m^2)
2024-05-16 00:00:00,0.0
2024-05-16 00:30:00,0.0
2024-05-16 01:00:00,0.0
2024-05-16 01:30:00,0.0
2024-05-16 02:00:00,0.0
2024-05-16 02:30:00,0.0
2024-05-16 03:00:00,0.0
2024-05-16 03:30:00,0.0
2024-05-16 04:00:00,0.0
2024-05-16 04:30:00,0.0
2024-05-16 05:00:00,0.0
2024-05-16 05:30:00,3.8
2024-05-16 06:00:00,20.3
2024-05-16 06:30:00,48.9
2024-05-16 07:00:00,121.8
2024-05-16 07:30:00,203.8
2024-05-16 08:00:00,288.5
2024-05-16 08:30:00,366.0
2024-05-16 09:00:00,529.2
2024-05-16 09:30:00,626.4
2024-05-16 10:00:00,742.2
2024-05-16 10:30:00,800.3
2024-05-16 11:00:00,766.9
2024-05-16 11:30:00,764.4
2024-05-16 12:00:00,724.8
2024-05-16 12:30:00,660.6
2024-05-16 13:00:00,717.9
2024-05-16 13:30:00,732.2
2024-05-16 14:00:00,678.8
2024-05-16 14:30:00,613.4
2024-05-16 15:00:00,647.6
2024-05-16 15:30:00,610.7
2024-05-16 16:00:00,477.6
2024-05-16 16:30:00,420.7
2024-05-16 17:00:00,386.9
2024-05-16 17:30:00,322.2
2024-05-16 18:00:00,249.4
2024-05-16 18:30:00,208.6
2024-05-16 19:00:00,83.7
2024-05-16 19:30:00,43.8
2024-05-16 20:00:00,19.4
2024-05-16 20:30:00,0.4
2024-05-16 21:00:00,0.0
2024-05-16 21:30:00,0.0
2024-05-16 22:00:00,0.0
2024-05-16 22:30:00,0.0
2024-05-16 23:00:00,0.0
2024-05-16 23:30:00,0.0
2024-05-17 00:00:00,0.0
2024-05-17 00:30:00,0.0
2024-05-17 01:00:00,0.0
2024-05-17 01:30:00,0.0
2024-05-17 02:00:00,0.0
2024-05-17 02:30:00,0.0
2024-05-17 03:00:00,0.0
2024-05-17 03:30:00,0.0
2024-05-17 04:00:00,0.0
2024-05-17 04:30:00,0.0
2024-05-17 05:00:00,0.0
2024-05-17 05:30:00,6.8
2024-05-17 06:00:00,22.9
2024-05-17 06:30:00,52.0
2024-05-17 07:00:00,124.4
2024-05-17 07:30:00,198.7
2024-05-17 08:00:00,286.3
2024-05-17 08:30:00,350.9
2024-05-17 09:00:00,536.6
2024-05-17 09:30:00,583.9
2024-05-17 10:00:00,740.0
2024-05-17 10:30:00,779.9
2024-05-17 11:00:00,747.4
2024-05-17 11:30:00,766.1
2024-05-17 12:00:00,704.4
2024-05-17 12:30:00,630.3
2024-05-17 13:00:00,691.0
2024-05-17 13:30:00,689.7
2024-05-17 14:00:00,662.0
2024-05-17 14:30:00,647.2
2024-05-17 15:00:00,668.0
2024-05-17 15:30:00,564.8
2024-05-17 16:00:00,447.3
2024-05-17 16:30:00,412.9
2024-05-17 17:00:00,369.1
2024-05-17 17:30:00,315.8
2024-05-17 18:00:00,237.7
2024-05-17 18:30:00,156.1
2024-05-17 19:00:00,59.3
2024-05-17 19:30:00,36.8
2024-05-17 20:00:00,12.5
2024-05-17 20:30:00,0.0
2024-05-17 21:00:00,0.0
2024-05-17 21:30:00,0.0
2024-05-17 22:00:00,0.0
2024-05-17 22:30:00,0.0
2024-05-17 23:00:00,0.0
2024-05-17 23:30:00,0.0
2024-05-18 00:00:00,0.0
2024-05-18 00:30:00,0.0
2024-05-18 01:00:00,0.0
2024-05-18 01:30:00,0.0
2024-05-18 02:00:00,0.0
2024-05-18 02:30:00,0.0
2024-05-18 03:00:00,0.0
2024-05-18 03:30:00,0.0
2024-05-18 04:00:00,0.0
2024-05-18 04:30:00,0.0
2024-05-18 05:00:00,0.0
2024-05-18 05:30:00,8.6
2024-05-18 06:00:00,26.4
2024-05-18 06:30:00,51.5
2024-05-18 07:00:00,121.4
2024-05-18 07:30:00,208.6
2024-05-18 08:00:00,287.6
2024-05-18 08:30:00,395.6
2024-05-18 09:00:00,235.0
2024-05-18 09:30:00,272.8
2024-05-18 10:00:00,279.3
2024-05-18 10:30:00,830.3
2024-05-18 11:00:00,745.3
2024-05-18 11:30:00,758.7
2024-05-18 12:00:00,699.6
2024-05-18 12:30:00,669.8
2024-05-18 13:00:00,682.4
2024-05-18 13:30:00,257.1
2024-05-18 14:00:00,542.7
2024-05-18 14:30:00,224.2
2024-05-18 15:00:00,674.1
2024-05-18 15:30:00,542.7
2024-05-18 16:00:00,193.4
2024-05-18 16:30:00,163.1
2024-05-18 17:00:00,212.1
2024-05-18 17:30:00,190.4
2024-05-18 18:00:00,281.0
2024-05-18 18:30:00,167.8
2024-05-18 19:00:00,51.1
2024-05-18 19:30:00,36.3
2024-05-18 20:00:00,14.3
2024-05-18 20:30:00,0.4
2024-05-18 21:00:00,0.0
2024-05-18 21:30:00,0.0
2024-05-18 22:00:00,0.0
2024-05-18 22:30:00,0.0
2024-05-18 23:00:00,0.0
2024-05-18 23:30:00,0.0
2024-05-19 00:00:00,0.0
2024-05-19 00:30:00,0.0
2024-05-19 01:00:00,0.0
2024-05-19 01:30:00,0.0
2024-05-19 02:00:00,0.0
2024-05-19 02:30:00,0.0
2024-05-19 03:00:00,0.0
2024-05-19 03:30:00,0.0
2024-05-19 04:00:00,0.0
2024-05-19 04:30:00,0.0
2024-05-19 05:00:00,0.0
2024-05-19 05:30:00,6.5
2024-05-19 06:00:00,19.1
2024-05-19 06:30:00,33.8
2024-05-19 07:00:00,69.7
2024-05-19 07:30:00,59.3
2024-05-19 08:00:00,306.7
2024-05-19 08:30:00,485.4
2024-05-19 09:00:00,568.6
2024-05-19 09:30:00,267.6
2024-05-19 10:00:00,742.2
2024-05-19 10:30:00,781.7
2024-05-19 11:00:00,754.3
2024-05-19 11:30:00,764.4
2024-05-19 12:00:00,706.6
2024-05-19 12:30:00,645.5
2024-05-19 13:00:00,684.5
2024-05-19 13:30:00,684.1
2024-05-19 14:00:00,676.3
2024-05-19 14:30:00,99.3
2024-05-19 15:00:00,669.8
2024-05-19 15:30:00,597.7
2024-05-19 16:00:00,527.9
2024-05-19 16:30:00,432.4
2024-05-19 17:00:00,370.8
2024-05-19 17:30:00,324.4
2024-05-19 18:00:00,248.9
2024-05-19 18:30:00,50.3
2024-05-19 19:00:00,45.0
2024-05-19 19:30:00,24.7
2024-05-19 20:00:00,13.0
2024-05-19 20:30:00,0.4
2024-05-19 21:00:00,0.0
2024-05-19 21:30:00,0.0
2024-05-19 22:00:00,0.0
2024-05-19 22:30:00,0.0
2024-05-19 23:00:00,0.0
2024-05-19 23:30:00,0.0
2024-05-20 00:00:00,0.0
2024-05-20 00:30:00,0.0
2024-05-20 01:00:00,0.0
2024-05-20 01:30:00,0.0
2024-05-20 02:00:00,0.0
2024-05-20 02:30:00,0.0
2024-05-20 03:00:00,0.0
2024-05-20 03:30:00,0.0
2024-05-20 04:00:00,0.0
2024-05-20 04:30:00,0.0
2024-05-20 05:00:00,0.0
2024-05-20 05:30:00,9.5
2024-05-20 06:00:00,22.9
2024-05-20 06:30:00,52.0
2024-05-20 07:00:00,143.1
2024-05-20 07:30:00,259.0
2024-05-20 08:00:00,299.7
2024-05-20 08:30:00,363.1
2024-05-20 09:00:00,530.9
2024-05-20 09:30:00,602.0
2024-05-20 10:00:00,748.3
2024-05-20 10:30:00,782.6
2024-05-20 11:00:00,762.1
2024-05-20 11:30:00,766.9
2024-05-20 12:00:00,702.7
2024-05-20 12:30:00,675.4
2024-05-20 13:00:00,701.5
2024-05-20 13:30:00,715.8
2024-05-20 14:00:00,686.7
2024-05-20 14:30:00,651.6
2024-05-20 15:00:00,658.9
2024-05-20 15:30:00,584.8
2024-05-20 16:00:00,192.1
2024-05-20 16:30:00,429.0
2024-05-20 17:00:00,374.7
2024-05-20 17:30:00,327.9
2024-05-20 18:00:00,244.2
2024-05-20 18:30:00,169.6
2024-05-20 19:00:00,88.5
2024-05-20 19:30:00,42.0
2024-05-20 20:00:00,15.5
2024-05-20 20:30:00,1.2
2024-05-20 21:00:00,0.0
2024-05-20 21:30:00,0.0
2024-05-20 22:00:00,0.0
2024-05-20 22:30:00,0.0
2024-05-20 23:00:00,0.0
2024-05-20 23:30:00,0.0
2024-05-21 00:00:00,0.0
2024-05-21 00:30:00,0.0
2024-05-21 01:00:00,0.0
2024-05-21 01:30:00,0.0
2024-05-21 02:00:00,0.0
2024-05-21 02:30:00,0.0
2024-05-21 03:00:00,0.0
2024-05-21 03:30:00,0.0
2024-05-21 04:00:00,0.0
2024-05-21 04:30:00,0.0
2024-05-21 05:00:00,0.0
2024-05-21 05:30:00,6.8
2024-05-21 06:00:00,27.3
2024-05-21 06:30:00,39.9
2024-05-21 07:00:00,131.4
2024-05-21 07:30:00,188.3
2024-05-21 08:00:00,303.6
2024-05-21 08:30:00,196.8
2024-05-21 09:00:00,468.1
2024-05-21 09:30:00,376.1
2024-05-21 10:00:00,266.3
2024-05-21 10:30:00,198.2
2024-05-21 11:00:00,116.2
2024-05-21 11:30:00,215.6
2024-05-21 12:00:00,216.4
2024-05-21 12:30:00,238.9
2024-05-21 13:00:00,272.8
2024-05-21 13:30:00,339.6
2024-05-21 14:00:00,308.8
2024-05-21 14:30:00,197.8
2024-05-21 15:00:00,156.9
2024-05-21 15:30:00,122.3
2024-05-21 16:00:00,122.3
2024-05-21 16:30:00,92.7
2024-05-21 17:00:00,113.7
2024-05-21 17:30:00,87.6
2024-05-21 18:00:00,87.1
2024-05-21 18:30:00,73.7
2024-05-21 19:00:00,28.1
2024-05-21 19:30:00,15.2
2024-05-21 20:00:00,5.6
2024-05-21 20:30:00,0.0
2024-05-21 21:00:00,0.0
2024-05-21 21:30:00,0.0
2024-05-21 22:00:00,0.0
2024-05-21 22:30:00,0.0
2024-05-21 23:00:00,0.0
2024-05-21 23:30:00,0.0
2024-05-22 00:00:00,0.0
2024-05-22 00:30:00,0.0
2024-05-22 01:00:00,0.0
2024-05-22 01:30:00,0.0
2024-05-22 02:00:00,0.0
2024-05-22 02:30:00,0.0
2024-05-22 03:00:00,0.0
2024-05-22 03:30:00,0.0
2024-05-22 04:00:00,0.0
2024-05-22 04:30:00,0.0
2024-05-22 05:00:00,0.0
2024-05-22 05:30:00,6.5
2024-05-22 06:00:00,11.6
2024-05-22 06:30:00,42.0
2024-05-22 07:00:00,131.4
2024-05-22 07:30:00,73.7
2024-05-22 08:00:00,307.1
2024-05-22 08:30:00,372.6
2024-05-22 09:00:00,538.8
2024-05-22 09:30:00,514.1
2024-05-22 10:00:00,230.2
2024-05-22 10:30:00,923.5
2024-05-22 11:00:00,308.4
2024-05-22 11:30:00,429.4
2024-05-22 12:00:00,635.0
2024-05-22 12:30:00,268.9
2024-05-22 13:00:00,278.4
2024-05-22 13:30:00,124.0
2024-05-22 14:00:00,179.6
2024-05-22 14:30:00,81.1
2024-05-22 15:00:00,154.8
2024-05-22 15:30:00,359.2
2024-05-22 16:00:00,130.5
2024-05-22 16:30:00,306.7
2024-05-22 17:00:00,288.8
2024-05-22 17:30:00,454.6
2024-05-22 18:00:00,268.9
2024-05-22 18:30:00,163.4
2024-05-22 19:00:00,106.2
2024-05-22 19:30:00,46.4
2024-05-22 20:00:00,25.9
2024-05-22 20:30:00,2.6
2024-05-22 21:00:00,0.0
2024-05-22 21:30:00,0.0
2024-05-22 22:00:00,0.0
2024-05-22 22:30:00,0.0
2024-05-22 23:00:00,0.0
2024-05-22 23:30:00,0.0
2024-05-23 00:00:00,0.0
2024-05-23 00:30:00,0.0
2024-05-23 01:00:00,0.0
2024-05-23 01:30:00,0.0
2024-05-23 02:00:00,0.0
2024-05-23 02:30:00,0.0
2024-05-23 03:00:00,0.0
2024-05-23 03:30:00,0.0
2024-05-23 04:00:00,0.0
2024-05-23 04:30:00,0.0
2024-05-23 05:00:00,0.0
2024-05-23 05:30:00,9.1
2024-05-23 06:00:00,24.2
2024-05-23 06:30:00,56.8
2024-05-23 07:00:00,134.4
2024-05-23 07:30:00,208.2
2024-05-23 08:00:00,312.3
2024-05-23 08:30:00,319.7
2024-05-23 09:00:00,288.0
2024-05-23 09:30:00,395.6
2024-05-23 10:00:00,389.9
2024-05-23 10:30:00,357.8
2024-05-23 11:00:00,696.7
2024-05-23 11:30:00,654.6
2024-05-23 12:00:00,685.3
2024-05-23 12:30:00,664.2
2024-05-23 13:00:00,678.0
2024-05-23 13:30:00,669.8
2024-05-23 14:00:00,671.9
2024-05-23 14:30:00,677.1
2024-05-23 15:00:00,657.5
2024-05-23 15:30:00,568.6
2024-05-23 16:00:00,508.4
2024-05-23 16:30:00,442.5
2024-05-23 17:00:00,384.3
2024-05-23 17:30:00,349.1
2024-05-23 18:00:00,244.7
2024-05-23 18:30:00,163.9
2024-05-23 19:00:00,97.1
2024-05-23 19:30:00,39.9
2024-05-23 20:00:00,16.0
2024-05-23 20:30:00,2.9
2024-05-23 21:00:00,0.0
2024-05-23 21:30:00,0.0
2024-05-23 22:00:00,0.0
2024-05-23 22:30:00,0.0
2024-05-23 23:00:00,0.0
2024-05-23 23:30:00,0.0
2024-05-24 00:00:00,0.0
2024-05-24 00:30:00,0.0
2024-05-24 01:00:00,0.0
2024-05-24 01:30:00,0.0
2024-05-24 02:00:00,0.0
2024-05-24 02:30:00,0.0
2024-05-24 03:00:00,0.0
2024-05-24 03:30:00,0.0
2024-05-24 04:00:00,0.0
2024-05-24 04:30:00,0.0
2024-05-24 05:00:00,0.0
2024-05-24 05:30:00,9.1
2024-05-24 06:00:00,24.7
2024-05-24 06:30:00,61.5
2024-05-24 07:00:00,134.8
2024-05-24 07:30:00,225.1
2024-05-24 08:00:00,281.9
2024-05-24 08:30:00,357.3
2024-05-24 09:00:00,509.3
2024-05-24 09:30:00,679.7
2024-05-24 10:00:00,618.2
2024-05-24 10:30:00,837.6
2024-05-24 11:00:00,786.9
2024-05-24 11:30:00,778.7
2024-05-24 12:00:00,739.2
2024-05-24 12:30:00,685.3
2024-05-24 13:00:00,734.0
2024-05-24 13:30:00,563.5
2024-05-24 14:00:00,483.2
2024-05-24 14:30:00,335.3
2024-05-24 15:00:00,340.1
2024-05-24 15:30:00,494.1
2024-05-24 16:00:00,355.3
2024-05-24 16:30:00,646.3
2024-05-24 17:00:00,419.9
2024-05-24 17:30:00,91.9
2024-05-24 18:00:00,63.7
2024-05-24 18:30:00,40.7
2024-05-24 19:00:00,70.2
2024-05-24 19:30:00,40.2
2024-05-24 20:00:00,8.2
2024-05-24 20:30:00,1.7
2024-05-24 21:00:00,0.0
2024-05-24 21:30:00,0.0
2024-05-24 22:00:00,0.0
2024-05-24 22:30:00,0.0
2024-05-24 23:00:00,0.0
2024-05-24 23:30:00,0.0
2024-05-25 00:00:00,0.0
2024-05-25 00:30:00,0.0
2024-05-25 01:00:00,0.0
2024-05-25 01:30:00,0.0
2024-05-25 02:00:00,0.0
2024-05-25 02:30:00,0.0
2024-05-25 03:00:00,0.0
2024-05-25 03:30:00,0.0
2024-05-25 04:00:00,0.0
2024-05-25 04:30:00,0.0
2024-05-25 05:00:00,0.0
2024-05-25 05:30:00,9.1
2024-05-25 06:00:00,24.7
2024-05-25 06:30:00,75.0
2024-05-25 07:00:00,67.2
2024-05-25 07:30:00,217.8
2024-05-25 08:00:00,304.9
2024-05-25 08:30:00,495.8
2024-05-25 09:00:00,536.6
2024-05-25 09:30:00,666.7
2024-05-25 10:00:00,756.9
2024-05-25 10:30:00,457.7
2024-05-25 11:00:00,572.2
2024-05-25 11:30:00,304.5
2024-05-25 12:00:00,711.9
2024-05-25 12:30:00,691.4
2024-05-25 13:00:00,573.9
2024-05-25 13:30:00,683.6
2024-05-25 14:00:00,315.4
2024-05-25 14:30:00,362.1
2024-05-25 15:00:00,200.8
2024-05-25 15:30:00,370.4
2024-05-25 16:00:00,472.8
2024-05-25 16:30:00,253.7
2024-05-25 17:00:00,148.3
2024-05-25 17:30:00,125.3
2024-05-25 18:00:00,160.9
2024-05-25 18:30:00,163.4
2024-05-25 19:00:00,129.7
2024-05-25 19:30:00,45.0
2024-05-25 20:00:00,18.1
2024-05-25 20:30:00,2.9
2024-05-25 21:00:00,0.0
2024-05-25 21:30:00,0.0
2024-05-25 22:00:00,0.0
2024-05-25 22:30:00,0.0
2024-05-25 23:00:00,0.0
2024-05-25 23:30:00,0.0
2024-05-26 00:00:00,0.0
2024-05-26 00:30:00,0.0
2024-05-26 01:00:00,0.0
2024-05-26 01:30:00,0.0
2024-05-26 02:00:00,0.0
2024-05-26 02:30:00,0.0
2024-05-26 03:00:00,0.0
2024-05-26 03:30:00,0.0
2024-05-26 04:00:00,0.0
2024-05-26 04:30:00,0.0
2024-05-26 05:00:00,0.0
2024-05-26 05:30:00,10.8
2024-05-26 06:00:00,29.0
2024-05-26 06:30:00,64.1
2024-05-26 07:00:00,134.4
2024-05-26 07:30:00,219.0
2024-05-26 08:00:00,320.1
2024-05-26 08:30:00,370.8
2024-05-26 09:00:00,537.1
2024-05-26 09:30:00,535.2
2024-05-26 10:00:00,434.2
2024-05-26 10:30:00,629.8
2024-05-26 11:00:00,815.1
2024-05-26 11:30:00,667.1
2024-05-26 12:00:00,681.0
2024-05-26 12:30:00,694.9
2024-05-26 13:00:00,721.8
2024-05-26 13:30:00,641.5
2024-05-26 14:00:00,465.4
2024-05-26 14:30:00,414.7
2024-05-26 15:00:00,258.5
2024-05-26 15:30:00,545.3
2024-05-26 16:00:00,595.2
2024-05-26 16:30:00,390.4
2024-05-26 17:00:00,202.1
2024-05-26 17:30:00,410.8
2024-05-26 18:00:00,273.7
2024-05-26 18:30:00,164.3
2024-05-26 19:00:00,105.3
2024-05-26 19:30:00,105.3
2024-05-26 20:00:00,21.2
2024-05-26 20:30:00,21.2
2024-05-26 21:00:00,0.0
2024-05-26 21:30:00,0.0
2024-05-26 22:00:00,0.0
2024-05-26 22:30:00,0.0
2024-05-26 23:00:00,0.0
2024-05-26 23:30:00,0.0
2024-05-27 00:00:00,0.0
2024-05-27 00:30:00,0.0
2024-05-27 01:00:00,0.0
2024-05-27 01:30:00,0.0
2024-05-27 02:00:00,0.0
2024-05-27 02:30:00,0.0
2024-05-27 03:00:00,0.0
2024-05-27 03:30:00,0.0
2024-05-27 04:00:00,0.0
2024-05-27 04:30:00,0.0
2024-05-27 05:00:00,0.0
2024-05-27 05:30:00,0.0
2024-05-27 06:00:00,31.6
2024-05-27 06:30:00,90.7
2024-05-27 07:00:00,148.3
2024-05-27 07:30:00,224.6
2024-05-27 08:00:00,296.7
2024-05-27 08:30:00,352.2
2024-05-27 09:00:00,562.1
2024-05-27 09:30:00,509.3
2024-05-27 10:00:00,665.0
2024-05-27 10:30:00,548.7
2024-05-27 11:00:00,724.0
2024-05-27 11:30:00,728.3
2024-05-27 12:00:00,720.1
2024-05-27 12:30:00,691.4
2024-05-27 13:00:00,681.0
2024-05-27 13:30:00,615.1
2024-05-27 14:00:00,668.0
2024-05-27 14:30:00,603.0
2024-05-27 15:00:00,575.6
2024-05-27 15:30:00,419.9
2024-05-27 16:00:00,439.8
2024-05-27 16:30:00,255.9
2024-05-27 17:00:00,163.4
2024-05-27 17:30:00,311.5
2024-05-27 18:00:00,176.9
2024-05-27 18:30:00,147.4
2024-05-27 19:00:00,62.4
2024-05-27 19:30:00,47.7
2024-05-27 20:00:00,22.5
2024-05-27 20:30:00,3.4
2024-05-27 21:00:00,0.0
2024-05-27 21:30:00,0.0
2024-05-27 22:00:00,0.0
2024-05-27 22:30:00,0.0
2024-05-27 23:00:00,0.0
2024-05-27 23:30:00,0.0
2024-05-28 00:00:00,0.0
2024-05-28 00:30:00,0.0
2024-05-28 01:00:00,0.0
2024-05-28 01:30:00,0.0
2024-05-28 02:00:00,0.0
2024-05-28 02:30:00,0.0
2024-05-28 03:00:00,0.0
2024-05-28 03:30:00,0.0
2024-05-28 04:00:00,0.0
2024-05-28 04:30:00,0.0
2024-05-28 05:00:00,0.0
2024-05-28 05:30:00,12.1
2024-05-28 06:00:00,35.1
2024-05-28 06:30:00,79.3
2024-05-28 07:00:00,56.8
2024-05-28 07:30:00,97.5
2024-05-28 08:00:00,91.9
2024-05-28 08:30:00,232.9
2024-05-28 09:00:00,239.8
2024-05-28 09:30:00,288.0
2024-05-28 10:00:00,728.8
2024-05-28 10:30:00,600.3
2024-05-28 11:00:00,464.1
2024-05-28 11:30:00,482.7
2024-05-28 12:00:00,524.0
2024-05-28 12:30:00,468.4
2024-05-28 13:00:00,372.1
2024-05-28 13:30:00,351.4
2024-05-28 14:00:00,378.6
2024-05-28 14:30:00,394.3
2024-05-28 15:00:00,333.1
2024-05-28 15:30:00,682.8
2024-05-28 16:00:00,501.0
2024-05-28 16:30:00,403.3
2024-05-28 17:00:00,242.0
2024-05-28 17:30:00,146.2
2024-05-28 18:00:00,133.9
2024-05-28 18:30:00,87.1
2024-05-28 19:00:00,61.2
2024-05-28 19:30:00,59.3
2024-05-28 20:00:00,22.9
2024-05-28 20:30:00,4.8
2024-05-28 21:00:00,0.0
2024-05-28 21:30:00,0.0
2024-05-28 22:00:00,0.0
2024-05-28 22:30:00,0.0
2024-05-28 23:00:00,0.0
2024-05-28 23:30:00,0.0
2024-05-29 00:00:00,0.0
2024-05-29 00:30:00,0.0
2024-05-29 01:00:00,0.0
2024-05-29 01:30:00,0.0
2024-05-29 02:00:00,0.0
2024-05-29 02:30:00,0.0
2024-05-29 03:00:00,0.0
2024-05-29 03:30:00,0.0
2024-05-29 04:00:00,0.0
2024-05-29 04:30:00,0.0
2024-05-29 05:00:00,0.0
2024-05-29 05:30:00,10.4
2024-05-29 06:00:00,31.2
2024-05-29 06:30:00,80.3
2024-05-29 07:00:00,156.1
2024-05-29 07:30:00,228.5
2024-05-29 08:00:00,320.1
2024-05-29 08:30:00,383.0
2024-05-29 09:00:00,548.3
2024-05-29 09:30:00,676.6
2024-05-29 10:00:00,684.1
2024-05-29 10:30:00,526.5
2024-05-29 11:00:00,360.4
2024-05-29 11:30:00,519.7
2024-05-29 12:00:00,442.5
2024-05-29 12:30:00,560.4
2024-05-29 13:00:00,894.9
2024-05-29 13:30:00,217.8
2024-05-29 14:00:00,421.2
2024-05-29 14:30:00,731.8
2024-05-29 15:00:00,215.6
2024-05-29 15:30:00,377.8
2024-05-29 16:00:00,605.1
2024-05-29 16:30:00,374.7
2024-05-29 17:00:00,171.3
2024-05-29 17:30:00,370.4
2024-05-29 18:00:00,265.0
2024-05-29 18:30:00,170.1
2024-05-29 19:00:00,104.5
2024-05-29 19:30:00,37.7
2024-05-29 20:00:00,23.4
2024-05-29 20:30:00,5.1
2024-05-29 21:00:00,0.0
2024-05-29 21:30:00,0.0
2024-05-29 22:00:00,0.0
2024-05-29 22:30:00,0.0
2024-05-29 23:00:00,0.0
2024-05-29 23:30:00,0.0
2024-05-30 00:00:00,0.0
2024-05-30 00:30:00,0.0
2024-05-30 01:00:00,0.0
2024-05-30 01:30:00,0.0
2024-05-30 02:00:00,0.0
2024-05-30 02:30:00,0.0
2024-05-30 03:00:00,0.0
2024-05-30 03:30:00,0.0
2024-05-30 04:00:00,0.0
2024-05-30 04:30:00,0.0
2024-05-30 05:00:00,0.0
2024-05-30 05:30:00,12.1
2024-05-30 06:00:00,31.2
2024-05-30 06:30:00,77.6
2024-05-30 07:00:00,139.6
2024-05-30 07:30:00,230.2
2024-05-30 08:00:00,299.7
2024-05-30 08:30:00,379.5
2024-05-30 09:00:00,555.6
2024-05-30 09:30:00,675.8
2024-05-30 10:00:00,725.7
2024-05-30 10:30:00,814.3
2024-05-30 11:00:00,783.4
2024-05-30 11:30:00,763.5
2024-05-30 12:00:00,691.0
2024-05-30 12:30:00,693.6
2024-05-30 13:00:00,686.2
2024-05-30 13:30:00,685.8
2024-05-30 14:00:00,666.7
2024-05-30 14:30:00,687.2
2024-05-30 15:00:00,655.5
2024-05-30 15:30:00,570.5
2024-05-30 16:00:00,544.4
2024-05-30 16:30:00,424.6
2024-05-30 17:00:00,416.4
2024-05-30 17:30:00,362.1
2024-05-30 18:00:00,247.2
2024-05-30 18:30:00,173.0
2024-05-30 19:00:00,106.7
2024-05-30 19:30:00,43.3
2024-05-30 20:00:00,24.2
2024-05-30 20:30:00,5.6
2024-05-30 21:00:00,0.0
2024-05-30 21:30:00,0.0
2024-05-30 22:00:00,0.0
2024-05-30 22:30:00,0.0
2024-05-30 23:00:00,0.0
2024-05-30 23:30:00,0.0
2024-05-31 00:00:00,0.0
2024-05-31 00:30:00,0.0
2024-05-31 01:00:00,0.0
2024-05-31 01:30:00,0.0
2024-05-31 02:00:00,0.0
2024-05-31 02:30:00,0.0
2024-05-31 03:00:00,0.0
2024-05-31 03:30:00,0.0
2024-05-31 04:00:00,0.0
2024-05-31 04:30:00,0.0
2024-05-31 05:00:00,0.0
2024-05-31 05:30:00,12.1
2024-05-31 06:00:00,32.4
2024-05-31 06:30:00,77.6
2024-05-31 07:00:00,140.4
2024-05-31 07:30:00,228.5
2024-05-31 08:00:00,305.4
2024-05-31 08:30:00,383.9
2024-05-31 09:00:00,550.0
2024-05-31 09:30:00,662.0
2024-05-31 10:00:00,720.1
2024-05-31 10:30:00,822.8
2024-05-31 11:00:00,774.8
2024-05-31 11:30:00,758.7
2024-05-31 12:00:00,700.5
2024-05-31 12:30:00,655.8
2024-05-31 13:00:00,670.2
2024-05-31 13:30:00,619.0
2024-05-31 14:00:00,685.8
2024-05-31 14:30:00,683.2
2024-05-31 15:00:00,669.8
2024-05-31 15:30:00,550.0
2024-05-31 16:00:00,546.1
2024-05-31 16:30:00,461.6
2024-05-31 17:00:00,409.9
2024-05-31 17:30:00,358.7
2024-05-31 18:00:00,256.8
2024-05-31 18:30:00,177.8
2024-05-31 19:00:00,110.6
2024-05-31 19:30:00,43.3
2024-05-31 20:00:00,19.4
2024-05-31 20:30:00,4.8
2024-05-31 21:00:00,0.0
2024-05-31 21:30:00,0.0
2024-05-31 22:00:00,0.0
2024-05-31 22:30:00,0.0
2024-05-31 23:00:00,0.0
2024-05-31 23:30:00,0.0
2024-06-01 00:00:00,0.0
2024-06-01 00:30:00,0.0
2024-06-01 01:00:00,0.0
2024-06-01 01:30:00,0.0
2024-06-01 02:00:00,0.0
2024-06-01 02:30:00,0.0
2024-06-01 03:00:00,0.0
2024-06-01 03:30:00,0.0
2024-06-01 04:00:00,0.0
2024-06-01 04:30:00,0.0
2024-06-01 05:00:00,0.0
2024-06-01 05:30:00,5.6
2024-06-01 06:00:00,20.8
2024-06-01 06:30:00,36.0
2024-06-01 07:00:00,36.0
2024-06-01 07:30:00,101.0
2024-06-01 08:00:00,101.0
2024-06-01 08:30:00,179.1
2024-06-01 09:00:00,179.1
2024-06-01 09:30:00,366.5
2024-06-01 10:00:00,366.5
2024-06-01 10:30:00,242.5
2024-06-01 11:00:00,242.5
2024-06-01 11:30:00,755.2
2024-06-01 12:00:00,755.2
2024-06-01 12:30:00,399.4
2024-06-01 13:00:00,399.4
2024-06-01 13:30:00,614.3
2024-06-01 14:00:00,614.3
2024-06-01 14:30:00,614.3
2024-06-01 15:00:00,614.3
2024-06-01 15:30:00,360.9
2024-06-01 16:00:00,360.9
2024-06-01 16:30:00,162.6
2024-06-01 17:00:00,162.6
2024-06-01 17:30:00,118.8
2024-06-01 18:00:00,118.8
2024-06-01 18:30:00,110.6
2024-06-01 19:00:00,110.6
2024-06-01 19:30:00,55.0
2024-06-01 20:00:00,55.0
2024-06-01 20:30:00,5.1
2024-06-01 21:00:00,0.0
2024-06-01 21:30:00,0.0
2024-06-01 22:00:00,0.0
2024-06-01 22:30:00,0.0
2024-06-01 23:00:00,0.0
2024-06-01 23:30:00,0.0
2024-06-02 00:00:00,0.0
2024-06-02 00:30:00,0.0
2024-06-02 01:00:00,0.0
2024-06-02 01:30:00,0.0
2024-06-02 02:00:00,0.0
2024-06-02 02:30:00,0.0
2024-06-02 03:00:00,0.0
2024-06-02 03:30:00,0.0
2024-06-02 04:00:00,0.0
2024-06-02 04:30:00,0.0
2024-06-02 05:00:00,1.2
2024-06-02 05:30:00,10.8
2024-06-02 06:00:00,39.9
2024-06-02 06:30:00,46.7
2024-06-02 07:00:00,90.2
2024-06-02 07:30:00,235.0
2024-06-02 08:00:00,370.8
2024-06-02 08:30:00,466.7
2024-06-02 09:00:00,347.8
2024-06-02 09:30:00,546.1
2024-06-02 10:00:00,419.0
2024-06-02 10:30:00,383.4
2024-06-02 11:00:00,369.6
2024-06-02 11:30:00,353.6
2024-06-02 12:00:00,337.9
2024-06-02 12:30:00,304.9
2024-06-02 13:00:00,357.3
2024-06-02 13:30:00,254.6
2024-06-02 14:00:00,382.5
2024-06-02 14:30:00,202.6
2024-06-02 15:00:00,162.6
2024-06-02 15:30:00,113.7
2024-06-02 16:00:00,85.4
2024-06-02 16:30:00,83.2
2024-06-02 17:00:00,83.2
2024-06-02 17:30:00,62.4
2024-06-02 18:00:00,53.3
2024-06-02 18:30:00,33.8
2024-06-02 19:00:00,44.2
2024-06-02 19:30:00,22.5
2024-06-02 20:00:00,9.1
2024-06-02 20:30:00,0.4
2024-06-02 21:00:00,0.0
2024-06-02 21:30:00,0.0
2024-06-02 22:00:00,0.0
2024-06-02 22:30:00,0.0
2024-06-02 23:00:00,0.0
2024-06-02 23:30:00,0.0
2024-06-03 00:00:00,0.0
2024-06-03 00:30:00,0.0
2024-06-03 01:00:00,0.0
2024-06-03 01:30:00,0.0
2024-06-03 02:00:00,0.0
2024-06-03 02:30:00,0.0
2024-06-03 03:00:00,0.0
2024-06-03 03:30:00,0.0
2024-06-03 04:00:00,0.0
2024-06-03 04:30:00,0.0
2024-06-03 05:00:00,0.0
2024-06-03 05:30:00,0.4
2024-06-03 06:00:00,4.3
2024-06-03 06:30:00,27.6
2024-06-03 07:00:00,93.2
2024-06-03 07:30:00,118.8
2024-06-03 08:00:00,309.3
2024-06-03 08:30:00,416.4
2024-06-03 09:00:00,584.8
2024-06-03 09:30:00,658.4
2024-06-03 10:00:00,590.4
2024-06-03 10:30:00,176.0
2024-06-03 11:00:00,822.8
2024-06-03 11:30:00,270.6
2024-06-03 12:00:00,897.1
2024-06-03 12:30:00,237.7
2024-06-03 13:00:00,298.4
2024-06-03 13:30:00,289.3
2024-06-03 14:00:00,534.0
2024-06-03 14:30:00,224.2
2024-06-03 15:00:00,838.1
2024-06-03 15:30:00,299.7
2024-06-03 16:00:00,316.2
2024-06-03 16:30:00,470.6
2024-06-03 17:00:00,209.9
2024-06-03 17:30:00,142.3
2024-06-03 18:00:00,62.4
2024-06-03 18:30:00,76.7
2024-06-03 19:00:00,135.3
2024-06-03 19:30:00,53.7
2024-06-03 20:00:00,30.3
2024-06-03 20:30:00,8.2
2024-06-03 21:00:00,0.0
2024-06-03 21:30:00,0.0
2024-06-03 22:00:00,0.0
2024-06-03 22:30:00,0.0
2024-06-03 23:00:00,0.0
2024-06-03 23:30:00,0.0
2024-06-04 00:00:00,0.0
2024-06-04 00:30:00,0.0
2024-06-04 01:00:00,0.0
2024-06-04 01:30:00,0.0
2024-06-04 02:00:00,0.0
2024-06-04 02:30:00,0.0
2024-06-04 03:00:00,0.0
2024-06-04 03:30:00,0.0
2024-06-04 04:00:00,0.0
2024-06-04 04:30:00,0.0
2024-06-04 05:00:00,0.0
2024-06-04 05:30:00,0.0
2024-06-04 06:00:00,16.0
2024-06-04 06:30:00,55.0
2024-06-04 07:00:00,107.0
2024-06-04 07:30:00,98.4
2024-06-04 08:00:00,64.6
2024-06-04 08:30:00,49.8
2024-06-04 09:00:00,99.7
2024-06-04 09:30:00,127.5
2024-06-04 10:00:00,251.2
2024-06-04 10:30:00,302.3
2024-06-04 11:00:00,360.4
2024-06-04 11:30:00,397.4
2024-06-04 12:00:00,397.4
2024-06-04 12:30:00,140.4
2024-06-04 13:00:00,165.6
2024-06-04 13:30:00,147.1
2024-06-04 14:00:00,188.6
2024-06-04 14:30:00,653.6
2024-06-04 15:00:00,352.2
2024-06-04 15:30:00,352.2
2024-06-04 16:00:00,616.5
2024-06-04 16:30:00,518.3
2024-06-04 17:00:00,412.9
2024-06-04 17:30:00,373.5
2024-06-04 18:00:00,258.5
2024-06-04 18:30:00,189.1
2024-06-04 19:00:00,113.7
2024-06-04 19:30:00,46.4
2024-06-04 20:00:00,25.1
2024-06-04 20:30:00,7.7
2024-06-04 21:00:00,0.0
2024-06-04 21:30:00,0.0
2024-06-04 22:00:00,0.0
2024-06-04 22:30:00,0.0
2024-06-04 23:00:00,0.0
2024-06-04 23:30:00,0.0
2024-06-05 00:00:00,0.0
2024-06-05 00:30:00,0.0
2024-06-05 01:00:00,0.0
2024-06-05 01:30:00,0.0
2024-06-05 02:00:00,0.0
2024-06-05 02:30:00,0.0
2024-06-05 03:00:00,0.0
2024-06-05 03:30:00,0.0
2024-06-05 04:00:00,0.0
2024-06-05 04:30:00,0.0
2024-06-05 05:00:00,0.8
2024-06-05 05:30:00,14.3
2024-06-05 06:00:00,34.6
2024-06-05 06:30:00,83.2
2024-06-05 07:00:00,160.0
2024-06-05 07:30:00,236.8
2024-06-05 08:00:00,320.1
2024-06-05 08:30:00,396.9
2024-06-05 09:00:00,575.2
2024-06-05 09:30:00,680.5
2024-06-05 10:00:00,738.8
2024-06-05 10:30:00,810.4
2024-06-05 11:00:00,780.8
2024-06-05 11:30:00,763.9
2024-06-05 12:00:00,763.9
2024-06-05 12:30:00,701.5
2024-06-05 13:00:00,707.5
2024-06-05 13:30:00,711.4
2024-06-05 14:00:00,689.7
2024-06-05 14:30:00,698.8
2024-06-05 15:00:00,665.9
2024-06-05 15:30:00,665.9
2024-06-05 16:00:00,665.9
2024-06-05 16:30:00,468.9
2024-06-05 17:00:00,468.9
2024-06-05 17:30:00,357.8
2024-06-05 18:00:00,357.8
2024-06-05 18:30:00,197.8
2024-06-05 19:00:00,111.4
2024-06-05 19:30:00,47.7
2024-06-05 20:00:00,25.9
2024-06-05 20:30:00,8.2
2024-06-05 21:00:00,0.0
2024-06-05 21:30:00,0.0
2024-06-05 22:00:00,0.0
2024-06-05 22:30:00,0.0
2024-06-05 23:00:00,0.0
2024-06-05 23:30:00,0.0
2024-06-06 00:00:00,0.0
2024-06-06 00:30:00,0.0
2024-06-06 01:00:00,0.0
2024-06-06 01:30:00,0.0
2024-06-06 02:00:00,0.0
2024-06-06 02:30:00,0.0
2024-06-06 03:00:00,0.0
2024-06-06 03:30:00,0.0
2024-06-06 04:00:00,0.0
2024-06-06 04:30:00,0.0
2024-06-06 05:00:00,0.8
2024-06-06 05:30:00,13.8
2024-06-06 06:00:00,34.6
2024-06-06 06:30:00,80.6
2024-06-06 07:00:00,148.3
2024-06-06 07:30:00,233.3
2024-06-06 08:00:00,233.3
2024-06-06 08:30:00,233.3
2024-06-06 09:00:00,233.3
2024-06-06 09:30:00,691.4
2024-06-06 10:00:00,691.4
2024-06-06 10:30:00,795.5
2024-06-06 11:00:00,781.7
2024-06-06 11:30:00,774.3
2024-06-06 12:00:00,729.1
2024-06-06 12:30:00,711.9
2024-06-06 13:00:00,713.1
2024-06-06 13:30:00,715.3
2024-06-06 14:00:00,695.4
2024-06-06 14:30:00,699.6
2024-06-06 15:00:00,677.6
2024-06-06 15:30:00,611.2
2024-06-06 16:00:00,576.1
2024-06-06 16:30:00,485.4
2024-06-06 17:00:00,397.4
2024-06-06 17:30:00,337.9
2024-06-06 18:00:00,265.8
2024-06-06 18:30:00,202.6
2024-06-06 19:00:00,114.5
2024-06-06 19:30:00,114.5
2024-06-06 20:00:00,27.3
2024-06-06 20:30:00,27.3
2024-06-06 21:00:00,0.0
2024-06-06 21:30:00,0.0
2024-06-06 22:00:00,0.0
2024-06-06 22:30:00,0.0
2024-06-06 23:00:00,0.0
2024-06-06 23:30:00,0.0
2024-06-07 00:00:00,0.0
2024-06-07 00:30:00,0.0
2024-06-07 01:00:00,0.0
2024-06-07 01:30:00,0.0
2024-06-07 02:00:00,0.0
2024-06-07 02:30:00,0.0
2024-06-07 03:00:00,0.0
2024-06-07 03:30:00,0.0
2024-06-07 04:00:00,0.0
2024-06-07 04:30:00,0.0
2024-06-07 05:00:00,2.6
2024-06-07 05:30:00,16.0
2024-06-07 06:00:00,41.1
2024-06-07 06:30:00,76.3
2024-06-07 07:00:00,120.5
2024-06-07 07:30:00,259.4
2024-06-07 08:00:00,335.3
2024-06-07 08:30:00,402.5
2024-06-07 09:00:00,402.5
2024-06-07 09:30:00,402.5
2024-06-07 10:00:00,402.5
2024-06-07 10:30:00,799.5
2024-06-07 11:00:00,799.5
2024-06-07 11:30:00,779.5
2024-06-07 12:00:00,779.5
2024-06-07 12:30:00,779.5
2024-06-07 13:00:00,724.8
2024-06-07 13:30:00,714.8
2024-06-07 14:00:00,696.7
2024-06-07 14:30:00,698.8
2024-06-07 15:00:00,684.5
2024-06-07 15:30:00,613.4
2024-06-07 16:00:00,582.9
2024-06-07 16:30:00,480.2
2024-06-07 17:00:00,396.5
2024-06-07 17:30:00,366.0
2024-06-07 18:00:00,280.1
2024-06-07 18:30:00,204.7
2024-06-07 19:00:00,118.8
2024-06-07 19:30:00,49.4
2024-06-07 20:00:00,28.1
2024-06-07 20:30:00,9.5
2024-06-07 21:00:00,0.0
2024-06-07 21:30:00,0.0
2024-06-07 22:00:00,0.0
2024-06-07 22:30:00,0.0
2024-06-07 23:00:00,0.0
2024-06-07 23:30:00,0.0
2024-06-08 00:00:00,0.0
2024-06-08 00:30:00,0.0
2024-06-08 01:00:00,0.0
2024-06-08 01:30:00,0.0
2024-06-08 02:00:00,0.0
2024-06-08 02:30:00,0.0
2024-06-08 03:00:00,0.0
2024-06-08 03:30:00,0.0
2024-06-08 04:00:00,0.0
2024-06-08 04:30:00,0.0
2024-06-08 05:00:00,0.4
2024-06-08 05:30:00,16.4
2024-06-08 06:00:00,36.3
2024-06-08 06:30:00,85.0
2024-06-08 07:00:00,152.2
2024-06-08 07:30:00,233.8
2024-06-08 08:00:00,340.9
2024-06-08 08:30:00,409.5
2024-06-08 09:00:00,586.0
2024-06-08 09:30:00,705.8
2024-06-08 10:00:00,742.2
2024-06-08 10:30:00,796.4
2024-06-08 11:00:00,785.5
2024-06-08 11:30:00,778.2
2024-06-08 12:00:00,706.6
2024-06-08 12:30:00,703.2
2024-06-08 13:00:00,616.0
2024-06-08 13:30:00,720.6
2024-06-08 14:00:00,693.2
2024-06-08 14:30:00,469.3
2024-06-08 15:00:00,304.9
2024-06-08 15:30:00,289.7
2024-06-08 16:00:00,210.3
2024-06-08 16:30:00,268.0
2024-06-08 17:00:00,443.7
2024-06-08 17:30:00,284.1
2024-06-08 18:00:00,300.1
2024-06-08 18:30:00,199.9
2024-06-08 19:00:00,134.8
2024-06-08 19:30:00,51.1
2024-06-08 20:00:00,27.3
2024-06-08 20:30:00,8.2
2024-06-08 21:00:00,0.0
2024-06-08 21:30:00,0.0
2024-06-08 22:00:00,0.0
2024-06-08 22:30:00,0.0
2024-06-08 23:00:00,0.0
2024-06-08 23:30:00,0.0
2024-06-09 00:00:00,0.0
2024-06-09 00:30:00,0.0
2024-06-09 01:00:00,0.0
2024-06-09 01:30:00,0.0
2024-06-09 02:00:00,0.0
2024-06-09 02:30:00,0.0
2024-06-09 03:00:00,0.0
2024-06-09 03:30:00,0.0
2024-06-09 04:00:00,0.0
2024-06-09 04:30:00,0.0
2024-06-09 05:00:00,0.4
2024-06-09 05:30:00,30.7
2024-06-09 06:00:00,33.8
2024-06-09 06:30:00,59.3
2024-06-09 07:00:00,81.5
2024-06-09 07:30:00,81.5
2024-06-09 08:00:00,156.9
2024-06-09 08:30:00,145.7
2024-06-09 09:00:00,198.2
2024-06-09 09:30:00,413.7
2024-06-09 10:00:00,413.7
2024-06-09 10:30:00,399.9
2024-06-09 11:00:00,399.9
2024-06-09 11:30:00,91.9
2024-06-09 12:00:00,123.6
2024-06-09 12:30:00,201.6
2024-06-09 13:00:00,201.6
2024-06-09 13:30:00,449.3
2024-06-09 14:00:00,343.5
2024-06-09 14:30:00,600.3
2024-06-09 15:00:00,545.6
2024-06-09 15:30:00,440.7
2024-06-09 16:00:00,544.8
2024-06-09 16:30:00,586.5
2024-06-09 17:00:00,397.4
2024-06-09 17:30:00,359.5
2024-06-09 18:00:00,258.5
2024-06-09 18:30:00,199.5
2024-06-09 19:00:00,109.2
2024-06-09 19:30:00,53.3
2024-06-09 20:00:00,29.5
2024-06-09 20:30:00,9.1
2024-06-09 21:00:00,0.0
2024-06-09 21:30:00,0.0
2024-06-09 22:00:00,0.0
2024-06-09 22:30:00,0.0
2024-06-09 23:00:00,0.0
2024-06-09 23:30:00,0.0
2024-06-10 00:00:00,0.0
2024-06-10 00:30:00,0.0
2024-06-10 01:00:00,0.0
2024-06-10 01:30:00,0.0
2024-06-10 02:00:00,0.0
2024-06-10 02:30:00,0.0
2024-06-10 03:00:00,0.0
2024-06-10 03:30:00,0.0
2024-06-10 04:00:00,0.0
2024-06-10 04:30:00,0.0
2024-06-10 05:00:00,1.7
2024-06-10 05:30:00,15.2
2024-06-10 06:00:00,36.0
2024-06-10 06:30:00,84.5
2024-06-10 07:00:00,163.1
2024-06-10 07:30:00,145.2
2024-06-10 08:00:00,331.8
2024-06-10 08:30:00,375.2
2024-06-10 09:00:00,201.2
2024-06-10 09:30:00,678.0
2024-06-10 10:00:00,762.1
2024-06-10 10:30:00,500.6
2024-06-10 11:00:00,808.5
2024-06-10 11:30:00,736.1
2024-06-10 12:00:00,678.5
2024-06-10 12:30:00,703.5
2024-06-10 13:00:00,699.6
2024-06-10 13:30:00,731.0
2024-06-10 14:00:00,708.8
2024-06-10 14:30:00,643.7
2024-06-10 15:00:00,687.5
2024-06-10 15:30:00,619.0
2024-06-10 16:00:00,588.7
2024-06-10 16:30:00,457.7
2024-06-10 17:00:00,340.9
2024-06-10 17:30:00,337.0
2024-06-10 18:00:00,313.5
2024-06-10 18:30:00,215.1
2024-06-10 19:00:00,75.8
2024-06-10 19:30:00,54.6
2024-06-10 20:00:00,31.2
2024-06-10 20:30:00,7.3
2024-06-10 21:00:00,7.3
2024-06-10 21:30:00,7.3
2024-06-10 22:00:00,7.3
2024-06-10 22:30:00,0.0
2024-06-10 23:00:00,0.0
2024-06-10 23:30:00,0.0
2024-06-11 00:00:00,0.0
2024-06-11 00:30:00,0.0
2024-06-11 01:00:00,0.0
2024-06-11 01:30:00,0.0
2024-06-11 02:00:00,0.0
2024-06-11 02:30:00,0.0
2024-06-11 03:00:00,0.0
2024-06-11 03:30:00,0.0
2024-06-11 04:00:00,0.0
2024-06-11 04:30:00,0.0
2024-06-11 05:00:00,0.8
2024-06-11 05:30:00,0.8
2024-06-11 06:00:00,0.8
2024-06-11 06:30:00,68.5
2024-06-11 07:00:00,121.4
2024-06-11 07:30:00,168.2
2024-06-11 08:00:00,323.9
2024-06-11 08:30:00,480.2
2024-06-11 09:00:00,611.2
2024-06-11 09:30:00,679.7
2024-06-11 10:00:00,733.0
2024-06-11 10:30:00,804.2
2024-06-11 11:00:00,778.7
2024-06-11 11:30:00,740.9
2024-06-11 12:00:00,684.1
2024-06-11 12:30:00,700.1
2024-06-11 13:00:00,694.0
2024-06-11 13:30:00,730.5
2024-06-11 14:00:00,701.8
2024-06-11 14:30:00,636.8
2024-06-11 15:00:00,662.3
2024-06-11 15:30:00,582.9
2024-06-11 16:00:00,543.5
2024-06-11 16:30:00,471.1
2024-06-11 17:00:00,471.1
2024-06-11 17:30:00,383.0
2024-06-11 18:00:00,383.0
2024-06-11 18:30:00,206.9
2024-06-11 19:00:00,206.9
2024-06-11 19:30:00,52.5
2024-06-11 20:00:00,29.5
2024-06-11 20:30:00,11.3
2024-06-11 21:00:00,11.3
2024-06-11 21:30:00,0.0
2024-06-11 22:00:00,0.0
2024-06-11 22:30:00,0.0
2024-06-11 23:00:00,0.0
2024-06-11 23:30:00,0.0
2024-06-12 00:00:00,0.0
2024-06-12 00:30:00,0.0
2024-06-12 01:00:00,0.0
2024-06-12 01:30:00,0.0
2024-06-12 02:00:00,0.0
2024-06-12 02:30:00,0.0
2024-06-12 03:00:00,0.0
2024-06-12 03:30:00,0.0
2024-06-12 04:00:00,0.0
2024-06-12 04:30:00,0.0
2024-06-12 05:00:00,0.8
2024-06-12 05:30:00,16.0
2024-06-12 06:00:00,36.3
2024-06-12 06:30:00,81.5
2024-06-12 07:00:00,155.2
2024-06-12 07:30:00,233.8
2024-06-12 08:00:00,328.7
2024-06-12 08:30:00,372.1
2024-06-12 09:00:00,561.3
2024-06-12 09:30:00,655.5
2024-06-12 10:00:00,765.6
2024-06-12 10:30:00,803.8
2024-06-12 11:00:00,781.7
2024-06-12 11:30:00,732.2
2024-06-12 12:00:00,686.2
2024-06-12 12:30:00,697.6
2024-06-12 13:00:00,701.0
2024-06-12 13:30:00,734.9
2024-06-12 14:00:00,712.2
2024-06-12 14:30:00,639.0
2024-06-12 15:00:00,659.8
2024-06-12 15:30:00,603.4
2024-06-12 16:00:00,577.8
2024-06-12 16:30:00,480.2
2024-06-12 17:00:00,403.8
2024-06-12 17:30:00,386.5
2024-06-12 18:00:00,265.8
2024-06-12 18:30:00,208.6
2024-06-12 19:00:00,127.5
2024-06-12 19:30:00,54.2
2024-06-12 20:00:00,31.6
2024-06-12 20:30:00,10.4
2024-06-12 21:00:00,0.0
2024-06-12 21:30:00,0.0
2024-06-12 22:00:00,0.0
2024-06-12 22:30:00,0.0
2024-06-12 23:00:00,0.0
2024-06-12 23:30:00,0.0
2024-06-13 00:00:00,0.0
2024-06-13 00:30:00,0.0
2024-06-13 01:00:00,0.0
2024-06-13 01:30:00,0.0
2024-06-13 02:00:00,0.0
2024-06-13 02:30:00,0.0
2024-06-13 03:00:00,0.0
2024-06-13 03:30:00,0.0
2024-06-13 04:00:00,0.0
2024-06-13 04:30:00,0.0
2024-06-13 05:00:00,0.0
2024-06-13 05:30:00,15.2
2024-06-13 06:00:00,36.3
2024-06-13 06:30:00,81.5
2024-06-13 07:00:00,159.5
2024-06-13 07:30:00,225.1
2024-06-13 08:00:00,326.6
2024-06-13 08:30:00,396.9
2024-06-13 09:00:00,527.5
2024-06-13 09:30:00,644.6
2024-06-13 10:00:00,787.4
2024-06-13 10:30:00,777.3
2024-06-13 11:00:00,742.2
2024-06-13 11:30:00,763.5
2024-06-13 12:00:00,698.8
2024-06-13 12:30:00,708.0
2024-06-13 13:00:00,708.0
2024-06-13 13:30:00,736.6
2024-06-13 14:00:00,713.1
2024-06-13 14:30:00,643.7
2024-06-13 15:00:00,674.9
2024-06-13 15:30:00,610.7
2024-06-13 16:00:00,586.8
2024-06-13 16:30:00,482.4
2024-06-13 17:00:00,414.2
2024-06-13 17:30:00,390.9
2024-06-13 18:00:00,184.4
2024-06-13 18:30:00,156.1
2024-06-13 19:00:00,200.8
2024-06-13 19:30:00,75.0
2024-06-13 20:00:00,30.7
2024-06-13 20:30:00,5.1
2024-06-13 21:00:00,0.0
2024-06-13 21:30:00,0.0
2024-06-13 22:00:00,0.0
2024-06-13 22:30:00,0.0
2024-06-13 23:00:00,0.0
2024-06-13 23:30:00,0.0
2024-06-14 00:00:00,0.0
2024-06-14 00:30:00,0.0
2024-06-14 01:00:00,0.0
2024-06-14 01:30:00,0.0
2024-06-14 02:00:00,0.0
2024-06-14 02:30:00,0.0
2024-06-14 03:00:00,0.0
2024-06-14 03:30:00,0.0
2024-06-14 04:00:00,0.0
2024-06-14 04:30:00,0.0
2024-06-14 05:00:00,1.2
2024-06-14 05:30:00,16.4
2024-06-14 06:00:00,38.2
2024-06-14 06:30:00,102.8
2024-06-14 07:00:00,183.0
2024-06-14 07:30:00,223.8
2024-06-14 08:00:00,359.5
2024-06-14 08:30:00,437.7
2024-06-14 09:00:00,471.5
2024-06-14 09:30:00,567.8
2024-06-14 10:00:00,347.4
2024-06-14 10:30:00,580.4
2024-06-14 11:00:00,640.7
2024-06-14 11:30:00,743.1
2024-06-14 12:00:00,702.3
2024-06-14 12:30:00,718.7
2024-06-14 13:00:00,720.6
2024-06-14 13:30:00,716.6
2024-06-14 14:00:00,690.1
2024-06-14 14:30:00,469.3
2024-06-14 15:00:00,513.6
2024-06-14 15:30:00,589.5
2024-06-14 16:00:00,270.2
2024-06-14 16:30:00,221.7
2024-06-14 17:00:00,202.1
2024-06-14 17:30:00,128.0
2024-06-14 18:00:00,131.4
2024-06-14 18:30:00,139.2
2024-06-14 19:00:00,79.8
2024-06-14 19:30:00,62.4
2024-06-14 20:00:00,20.3
2024-06-14 20:30:00,13.3
2024-06-14 21:00:00,0.0
2024-06-14 21:30:00,0.0
2024-06-14 22:00:00,0.0
2024-06-14 22:30:00,0.0
2024-06-14 23:00:00,0.0
2024-06-14 23:30:00,0.0
2024-06-15 00:00:00,0.0
2024-06-15 00:30:00,0.0
2024-06-15 01:00:00,0.0
2024-06-15 01:30:00,0.0
2024-06-15 02:00:00,0.0
2024-06-15 02:30:00,0.0
2024-06-15 03:00:00,0.0
2024-06-15 03:30:00,0.0
2024-06-15 04:00:00,0.0
2024-06-15 04:30:00,0.0
2024-06-15 05:00:00,0.0
2024-06-15 05:30:00,6.0
2024-06-15 06:00:00,36.0
2024-06-15 06:30:00,70.7
2024-06-15 07:00:00,153.9
2024-06-15 07:30:00,295.3
2024-06-15 08:00:00,360.4
2024-06-15 08:30:00,322.2
2024-06-15 09:00:00,563.8
2024-06-15 09:30:00,657.5
2024-06-15 10:00:00,798.1
2024-06-15 10:30:00,861.1
2024-06-15 11:00:00,864.5
2024-06-15 11:30:00,389.9
2024-06-15 12:00:00,400.8
2024-06-15 12:30:00,270.2
2024-06-15 13:00:00,213.0
2024-06-15 13:30:00,878.9
2024-06-15 14:00:00,350.0
2024-06-15 14:30:00,269.8
2024-06-15 15:00:00,701.5
2024-06-15 15:30:00,73.3
2024-06-15 16:00:00,564.3
2024-06-15 16:30:00,114.5
2024-06-15 17:00:00,81.1
2024-06-15 17:30:00,66.8
2024-06-15 18:00:00,262.8
2024-06-15 18:30:00,217.3
2024-06-15 19:00:00,56.8
2024-06-15 19:30:00,64.6
2024-06-15 20:00:00,33.8
2024-06-15 20:30:00,9.9
2024-06-15 21:00:00,0.0
2024-06-15 21:30:00,0.0
2024-06-15 22:00:00,0.0
2024-06-15 22:30:00,0.0
2024-06-15 23:00:00,0.0
2024-06-15 23:30:00,0.0
